air_pressure,air_temperature,avg_wind_direction,avg_wind_speed,max_wind_direction,max_wind_speed,rain_accumulation,rain_duration,relative_humidity,relative_humidity_pm,row_number
919.06,23.79,281.1,3.0803542,275.4,3.8632832,0.89,4,43.42,37.16,0
917.3476881,21.89102368,101.9351794,2.443009216,140.4715485,3.533323602,0,0,24.32869729,20.4265968,1
923.04,15.91,51,17.0678522,63.7,22.1009672,0,20,8.9,14.46,2
920.5027512,21.18827493,198.8321327,4.337363056,211.2033412,5.19004536,0,0,12.18910187,12.74254735,3
921.16,6.83,277.8,1.8566602,136.5,2.8632832,8.9,14730,92.41,76.74,4
915.3,25.78,182.8,9.9320136,189,10.9833754,0.02,170,35.13,33.93,5
915.5988675,21.13516907,177.8754072,3.745586538,186.6066959,4.589632429,0,0,10.65742166,21.38565673,6
918.07,10.95,242.4,2.5277422,271.6,3.6462122,0,0,80.47,74.92,7
920.08,26.99,40.7,4.5186188,63,5.8831522,0,0,29.58,24.03,8
915.01,8.61,163.1,4.9436374,195.9,6.5766036,0,0,88.6,68.05,9
919.65,25.02,70.6,3.8251674,85.5,4.7646822,0,0,22.07,32.13,10
915.64,7.62,241.6,5.8607828,265.8,8.0306146,0.55,1770,90.56,79.09,11
917.39,9.88,204.1,1.2750558,211.8,2.013246,0,0,73.15,58.43,12
920.82,16.91,213.6,2.6172198,165.7,3.3106712,0,0,43.64,27.99,13
911,30.24,202.9,1.2079476,162.9,1.677705,0,0,15.19,24.37,14
922.3831312,21.59181305,36.17417478,1.847278084,58.42863249,2.529142074,0,0,12.11088934,14.80170596,15
917.89,,169.2,2.1922012,196.8,2.9303914,1.2,0,48.99,51.19,16
916.9152554,25.01053366,234.539345,2.274725297,229.4741987,2.906513109,1.3,0,21.03146177,20.75568332,17
918.8,19.49,176.1,4.8765292,183.4,5.5699806,1.5,0,18.9,45.87,18
922.04,20.32,58.3,9.5517338,81.9,12.5716028,1.7,0,7.54,7.74,19
919.9922622,17.20243507,54.79909362,12.68043574,74.25422349,15.45230581,1.2,0,18.80951786,14.64990936,20
917.23,19.82,177.8,2.460634,93.2,3.2883018,1.8,0,40.64,41.34,21
921.125626,20.45487327,71.79909228,2.576537767,95.47233356,3.487443587,1.2,0,11.74220123,17.28116117,22
920.35,8.65,192.1,6.263432,205.7,7.605596,0.6,0,54.55,66,23
921.7882289,22.03309567,217.4055201,1.946446506,253.758003,2.719711659,0,0,11.19424977,16.33171563,24
918.03,10.37,128.9,2.5277422,117.4,4.0041226,0,0,76.88,47.03,25
914.49,9.94,163,4.8541598,189.6,6.7331894,0,0,92.1,90.99,26
914.9,25.9,203.3,1.8119214,240,2.7514362,0,220,47.89,43.9,27
915.84,4.51,171.9,10.5359874,188,12.9295132,0,0,86.43,84.39,28
916.31,7.46,183.1,8.3437862,194.6,10.0885994,0,0,86.15,90.58,29
919.35,32.84,96.4,2.5277422,96.3,3.3777794,0,0,25.62,35.69,30
916.28,13.08,174.6,2.5948504,191.7,3.3777794,0,0,79.92,61.84,31
918.7,24.57,184.6,4.0936002,194.9,4.7423128,0,0,19.17,31.97,32
918.37,17.73,53.7,14.4506324,72.1,17.0454828,0,0,19.68,14.54,33
923.6,15.49,192.8,4.2949248,203.5,5.1897008,0,0,22.47,14.26,34
917.3,29.49,149.7,2.013246,71,2.8632832,0,0,32.02,29.84,35
912.64,12.22,177.7,6.822667,190.7,8.6345884,0,0,89.77,55.57,36
914.67,17.87,137.8,2.125093,177,2.7290668,0,0,58.57,39.96,37
914.66,10.2,177.6,8.5227414,186.3,10.0214912,0,20,91.22,88.35,38
921.9699513,16.08630085,164.621486,1.664442299,195.7799675,2.367181133,0,0,12.1096289,15.84956394,39
919.3,17.9,182.2,10.7596814,186.5,11.7886738,0,0,34.63,61.32,40
921.09,20.37,50.7,14.204569,62.5,17.0454828,0,0,17.58,14.24,41
921.5,9.75,90.7,1.7448132,112.3,2.684328,1.53,5420,34.35,49.5,42
914.9,18.16,174.6,5.6594582,184.5,6.8674058,0,0,43.37,49.39,43
924.2,20.49,56.3,9.8872748,69,11.8781514,0,0,14.23,13.58,44
914.54,19.81,170.2,8.2543086,184.3,10.849159,0,0,35.05,48.76,45
917.9,18.7,183.7,6.0621074,188.5,6.5094954,0.021,319,74.22,69.19,46
916.05,30.66,210,1.565858,109.3,2.5948504,0,0,12.88,14.83,47
920.23,19.62,153.2,1.230317,136.9,2.0803542,0,0,13.89,20.52,48
923.6636768,20.5728169,64.68990787,7.55777528,73.04923224,8.819354482,0,0,14.69250133,17.88774436,49
921.9,18.82,199,4.4962494,207.2,5.3239172,0,0,10.35,15.37,50
918.58,24.99,150.7,1.3197946,182,1.9461378,0,0,15.54,29.09,51
922.36,23.52,166.9,4.1830778,210,6.9121446,0,0,12.48,12.71,52
922.928409,20.51192531,54.66611121,9.7874074,82.62134109,13.33468856,0,0,8.082800654,7.187360985,53
923.01855,21.29474024,152.5635421,3.059696039,181.27478,4.269037625,0,0,22.85968417,18.79464702,54
916.42,7.23,82.8,3.0646078,129.8,4.809421,8.74,7000,57.71,41.8,55
922.57,7.57,182.8,5.2120702,191.4,6.0173686,0,0,85.71,80.23,56
920.03,19.44,172.5,2.460634,168.1,3.3106712,0,0,29.89,39.95,57
919.09,24.87,166.2,1.2974252,199,1.8119214,0,0,19.74,23.29,58
916.18,16.28,173.6,1.7224438,209.4,2.5277422,0,0,78.78,62.25,59
917.8,23.21,181.9,0.9395148,185.3,1.5434886,0,0,11.48,18.49,60
918.54,8.14,213.6,16.4862478,221.2,18.0297364,0.08,1153,91.36,89.93,61
918.24,16.66,78.4,4.4515106,45.1,5.8384134,0,0,60.65,41.24,62
917.02,11.81,180.2,3.131716,216.6,4.4515106,0,0,25.09,28.43,63
919.41,25.73,183.7,3.7580592,42.7,5.3910254,0,0,29.71,23.11,64
921.29,28.46,162.6,2.6619586,194,3.5567346,0,0,16.5,18.32,65
922.06,16.53,56.2,10.4241404,77,13.42164,0,0,17.7,14.79,66
925.5882714,19.08499354,56.06405656,17.52793246,67.93988014,20.97118326,0,0,14.4246214,11.43602921,67
917.58,20.76,180.7,6.9568834,191.7,8.6345884,0,0,28.63,37.82,68
922.2062329,13.90915695,48.36270145,12.38532935,64.90532836,15.78933106,0,0,14.9694299,21.98746067,69
917.7625807,27.81351896,110.2578524,2.234508146,129.7798795,3.206254488,0,0,16.57866197,19.13732393,70
925.0971257,13.96305507,52.96893276,14.61830695,69.00705655,19.21431385,0,1.540448294,18.64230606,18.06422562,71
920.7428234,23.61965348,51.42271867,13.87609399,66.85476324,16.98617834,0.01,75.86295265,9.406636211,8.283812813,72
916.75,12.54,233.5,1.5211192,231.8,2.2816788,0,0,89.84,54.5,73
922.79,12.21,182.6,1.8566602,208.2,2.6395892,0.02,180,17.39,39.19,74
920.1,11.94,186.1,13.4440094,193.8,15.3677778,0,0,31.47,64.88,75
922.0704549,24.85677823,165.7364076,3.771458562,205.6703539,6.004160988,0,0,13.56782358,14.22808216,76
921.61,3.41,46.6,4.5186188,59.6,5.5252418,0,0,29.8,16.4,77
916.22,20.14,183.1,9.9320136,190.8,11.1623306,0,0,24.66,40.47,78
915.57,16.3,174.3,4.8988986,180.6,5.5028724,0,0,13.89,56.96,79
916.8,18.58,164.4,3.5567346,196.6,4.7199434,0,0,21.61,28.39,80
917.46,14.61,182.3,5.9055216,190.3,6.934514,0,0,25.76,41.47,81
925.74,9.75,154.2,2.3264176,197.1,3.4001488,0,0,69.78,52.05,82
917.67,6.59,192.9,5.8384134,206.4,7.270055,0,0,85.18,20.71,83
920.93,17.68,196.4,7.6503348,204,8.5674802,0,0,20.63,26.89,84
916.82,10.16,73.7,2.684328,90.4,3.4225182,0.47,1030,58.73,63.44,85
917.2683056,29.81201653,266.4934619,2.158058057,194.7025114,2.829140057,0.031174102,70.52665037,31.21856628,23.40857794,86
921.39,24.49,225.1,1.901399,251.1,2.572481,0.04,300,47.52,19.94,87
915.9144357,20.77159617,46.73617058,10.97695077,64.64468233,14.29761714,0,9.397156951,8.498335363,12.69854598,88
919,20.09,98.6,1.7224438,126.4,2.3040482,0,0,34.63,55.07,89
918.8846912,22.72215432,163.5151929,1.026577543,196.1572631,1.482193818,0,0,18.91876489,20.27354026,90
915.32,28.8,219.9,1.5211192,245,2.0579848,0,0,17.49,42.22,91
918.8503361,23.38035523,69.44844917,3.416405485,103.0589152,4.748526322,0,0,11.07931552,16.47832778,92
921.4081299,8.87244145,46.31142851,10.99845315,67.23285724,14.38541279,0,0,22.14770138,21.86553243,93
913.3,26.32,52.2,3.2211936,37.4,4.0936002,0,0,13.07,26.93,94
927.61,12.72,55,4.9883762,53.4,7.2029468,0,0,13.51,14.05,95
921.8744784,20.05213775,70.90865373,2.14658555,96.09530367,2.891294671,0,0,12.47944521,19.57991484,96
921.54,6.2,52.5,23.5549782,68,29.8407796,0.05,100,19.38,18.38,97
916.52,10.91,190.8,7.4042714,198,8.388525,0.37,2170,91.69,78.51,98
921.39,8.15,46,1.7000744,72.7,2.2145706,0,0,38.09,35.18,99
918.9,25.31,212,1.1855782,154.1,1.8342908,0,0,62.1,56.93,100
919.56,25.82,179.3,5.9502604,192.2,6.9792528,0,0,20.19,18.76,101
919.4478167,16.39925561,53.18264797,14.40562685,72.12874178,17.6112668,0,0,19.53916528,15.46261112,102
921.5,12.52,220,5.0107456,234.9,6.4423872,0,0,82.28,83.84,103
919.7734056,20.40211108,55.22713277,16.12642905,74.30451646,20.82389079,0,0,15.05815004,9.664422897,104
917.4,23.26,181.7,4.138339,189.8,4.7646822,0.05,460,58.91,47.53,105
914.95,8.45,183.9,7.6279654,191.2,8.612219,20.02,11650,90.68,65.65,106
918.1229673,20.9374295,224.5948837,3.65013425,242.0776685,4.774079056,0,0,17.1085399,22.39256638,107
920.36,23.44,56.1,4.7199434,72.7,5.5699806,0,0,14.73,17.5,108
923.62,17,63.7,4.9436374,75.5,6.0621074,0,0,28.55,20.04,109
922.7114407,8.622838978,198.5919491,6.11125373,215.4258051,7.451948553,0,0,50.75183903,22.18990678,110
915.29,14.9,182.6,15.6138412,189,,0,0,21.5,29.69,111
916.45,17.03,193.7,3.5343652,208.8,4.4291412,0,0,47.43,44.8,112
922.88,12.08,186.9,2.8185444,223.2,3.6685816,0,0,28.68,48.03,113
915.1,8.41,189.8,3.8922756,215.5,5.480503,0,0,72.29,83.17,114
918.29,24.02,210.9,2.3040482,232.8,2.9751302,0,0,35.96,43.37,115
919.5613327,20.64751147,137.1448756,1.382894185,123.0190307,2.031606785,0,0,15.93544664,16.65085284,116
917.3973494,26.24704328,97.26776438,1.110306816,95.5933601,1.542676075,0,0,13.36818385,17.3342963,117
918.2,18.88,172.5,2.8856526,210.3,3.7580592,0,0,13.85,29.86,118
915.17,10.65,235.3,1.565858,237.4,2.4158952,0,0,89.85,64.52,119
920.7,24.54,190.9,6.263432,199.6,7.270055,0,0,35.85,28.18,120
920.59,23.89,89.7,1.1632088,91.1,1.789552,0,0,13.92,16.68,121
918.32,23.74,239.5,2.0579848,273.4,3.019869,0,0,27.48,33.81,122
920.18,17.08,32.6,3.019869,51.3,3.8251674,0,0,45.21,52.1,123
913.61,26.46,180.5,3.2659324,187.9,3.7580592,0,0,12.76,36.69,124
923.3172954,21.30313741,194.7326523,4.181992575,219.3140312,5.402380134,0,0,18.35525613,19.04826571,125
917.69,23.91,79.7,3.131716,82.8,4.8317904,0,0,48.53,48.81,126
923.3242454,13.99248509,44.70418577,9.994809533,66.6391055,12.92188913,0,0,17.44536238,19.67626147,127
916.04,31.58,176,1.4092722,112.8,2.1922012,0,0,7.37,26.94,128
923.485042,20.25145035,38.37667759,4.671545946,64.92977632,6.483996384,0,0,18.39975068,17.42827468,129
916.5,24.96,159.1,1.2974252,206.2,1.9237684,0,0,42.52,49.75,130
918,19.37,198.4,2.684328,210.8,3.2659324,0,0,62.27,70.44,131
916.27,22.07,189.5,12.2136924,194.9,13.4440094,0,0,16.09,29.09,132
919.61,21.25,119.4,3.4001488,162.6,5.0778538,0,0,19.64,16.03,133
920.201586,14.33902059,80.48035523,5.38511667,93.97028884,7.435259553,0,0,14.3792334,13.26699768,134
918.8,9.12,24.8,2.0579848,60.1,2.9527608,0,0,65.12,47.71,135
921.6348996,18.83182803,73.48641858,3.016972003,93.28223484,4.018967337,0,0,10.72026911,16.08178178,136
919.08,22.64,166,2.460634,198.9,3.131716,0,0,41.95,59.69,137
913.06,18.23,139.9,1.1855782,184,1.9461378,0,0,60.8,73.05,138
921.9332984,18.12126068,73.21344511,3.815591981,92.03319361,4.733501,0,0,12.2849738,15.88708044,139
917.21,24.12,173.5,2.3040482,194.5,3.1540854,0,0,48.57,45.61,140
923.8315596,10.00117943,198.8891603,5.9064336,215.506795,7.165717543,0,0,39.93988672,21.35258533,141
921.1862235,21.77990154,214.2489384,1.690793397,173.3888784,2.673681467,0,0,17.10315068,24.37743921,142
915.56,14.06,180,9.4846256,185.1,10.3794016,0,0,37.21,65.04,143
918.77,20.36,160.3,2.1474624,198.4,2.9527608,0,0,34.08,63.1,144
914.97,23.16,188.2,2.2593094,186.6,3.0646078,0,0,40.98,54.09,145
924.722875,16.18226824,40.67343578,8.576565466,65.42982736,11.44865044,0,0,17.20774274,20.33369723,146
916.79,24.68,186.4,2.3935258,190.2,3.2883018,0,0,33.11,43.63,147
916.55,14.42,174.4,3.131716,195,4.0712308,0,0,60.46,47.16,148
919.66,19.4,105.4,2.2145706,147,3.1988242,0,0,28.14,22.72,149
923.1877827,13.62930208,50.09369378,7.695570649,56.99795789,9.427236293,0,0,13.49691652,14.58642281,150
916.55,11.95,205.8,3.802798,226.1,4.9436374,0.01,10,84.48,67.46,151
917.22,26.64,52.8,3.6014734,68.6,4.585727,0,0,23.25,44.27,152
919.9,13.36,58.8,3.8699062,70.3,4.5409882,0,0,18.95,23.51,153
921.7,11.98,48.2,5.256809,64.4,6.8002976,0,0,19.89,22.93,154
919.27,10.03,37.8,2.9303914,63.9,3.9593838,0,0,70.76,62.58,155
926.1773682,18.92698228,56.82077877,16.99667398,69.30130963,20.49697829,0,0,14.58678058,12.05463897,156
921.5741147,24.02811696,225.3022069,1.963296053,251.3447767,2.648661988,0.035743013,268.0726009,43.52907512,19.1003094,157
918.32,13.03,47.9,6.4647566,63.6,7.8516594,0,0,24.28,22.86,158
915.7,13.63,143.5,1.6329662,174,2.1698318,0,0,81.99,74.95,159
921.507308,22.88397568,165.5487395,3.390924927,206.1791945,5.577992393,0,0,13.80796287,13.83993332,160
917.6,8.7,204,1.6105968,183.2,2.23694,0,0,89.84,75.42,161
920.77,21.51,181,4.4067718,188.2,5.0778538,0,0,13.16,17.4,162
915.6968387,30.13319476,234.1895664,1.742951989,125.5030256,2.503003987,0,0,8.810402446,17.02234251,163
913.7,18.27,185.9,3.467257,197,4.0936002,0,0,38.22,40.37,164
921.2110659,15.45042392,55.303143,17.89629188,76.74202225,23.43976847,0,8.213187173,8.762945026,7.443641852,165
920.9,15.73,214.5,2.3040482,239.3,2.8856526,0,0,62.44,55.78,166
918.7138944,18.4547009,65.723783,5.723355288,79.36463343,7.095593332,0,0,18.6347566,19.47085631,167
917.7062236,27.47296305,121.8818116,1.734641613,83.95062116,2.427703597,0,0,15.90510835,19.52840871,168
919.6,8.29,205.6,16.2401844,214.7,18.0521058,0.03,293,91.34,88.7,169
925.96,13.87,51.7,17.8731506,66.3,22.2799224,0,10,15.36,19.68,170
918.98,26.08,268,1.565858,241.1,2.1027236,0,0,36.35,37.25,171
917.7,23.77,40.2,6.6660812,59.5,8.2990474,0,0,22.33,23.8,172
919.9030809,13.31372099,48.10559492,8.828660563,64.13454679,11.03419158,0,0,20.43537504,22.67496457,173
923.61,14.67,47.7,10.6030956,67.1,13.6229646,0,0,17.98,16.45,174
915.15,29.02,203.6,1.11847,212.6,1.8342908,0,0,35.47,31.64,175
922.17,13.72,48.4,12.2136924,64.9,15.5914718,0,0,14.93,22.41,176
915.9,,183.3,4.7199434,189.9,5.3462866,0,0,29.26,46.5,177
918.4,16.07,189.3,5.1897008,195.6,5.6818276,0,0,13.16,25.11,178
919.4779271,20.03335722,47.04658845,10.56738329,64.8812473,13.6928726,0,6.534115493,9.374424197,11.54199692,179
916.1,10.68,199.9,3.2659324,220.1,4.026492,0,0,88.43,61.12,180
915.63,22.42,165.3,3.802798,179,5.256809,0,0,52.34,48.98,181
919,16.25,182.2,5.6147194,191.5,6.7331894,0,0,32.16,41.2,182
916.8176734,29.04858655,208.1183495,1.892737962,108.3191396,3.085170344,0,0,13.6867076,15.09523265,183
914.98,29.09,178.4,1.4316416,209.3,1.9685072,0,0,37.64,35.52,184
918.8767448,25.04650294,183.3776772,4.324869059,193.009675,5.06360032,0,0,10.07382203,9.449291931,185
916.5,21.69,102.3,2.4158952,49.1,3.2211936,0,0,49.01,52.97,186
922.1878752,13.81331892,48.38159909,12.29836798,64.9026287,15.68908393,0,0,14.94945239,22.20154393,187
922.57,20.76,193.5,2.6395892,220.2,3.6014734,0,0,19.95,19.68,188
924.14,13.09,222.4,3.243563,239.7,4.0488614,0.01,140,90.66,90.21,189
919.74,14.17,212.9,1.9685072,245.8,2.8185444,0,0,37.44,65.96,190
924.05,8.47,47.9,13.980875,68.3,17.8507812,0,20,16.71,13.27,191
920.59,5.9,163.8,5.256809,186.2,6.9121446,1.53,4310,36.79,23.75,192
917.8,18.89,157,2.2816788,180.9,3.3106712,0,0,32.06,52.51,193
919.36,9.3,280.9,2.5277422,274.8,3.6685816,0,70,90.7,70.32,194
918.3914977,22.87143229,181.7207583,1.63004495,185.8775567,2.24738385,0,0,11.81458456,18.27291835,195
911.7,8.78,190.1,3.3106712,217.7,4.0712308,0,0,90.09,54.37,196
920.93,24.13,40.2,2.1474624,65.1,2.9751302,0,0,15.09,14.61,197
922.698232,15.70822108,137.9249417,3.300545669,147.139294,5.146777719,0,0,19.8183735,19.60693827,198
922.9020623,16.00562455,269.1748773,1.906562783,232.723131,2.449735011,0,0,8.3099531,21.88523559,199
920.4057949,9.82583485,46.5963782,10.22502142,66.41307861,13.19277025,0,0,23.07243455,22.05724342,200
924.3902265,18.94393731,63.31115419,9.650178615,72.45162892,11.31602568,0,0,13.09353397,16.9971455,201
916.4,10.37,134.3,1.006623,172.3,1.4987498,0,0,91.15,68.26,202
913.52,16.95,182.9,8.3214168,189.1,9.3056704,0,0,40.25,48.89,203
907.99,5.2,161.2,12.2584312,187.7,17.7613036,0.98,3079,89.68,92.16,204
917.65,29.04,204,1.0513618,242.5,1.6105968,0,0,16.68,24.17,205
920,23.83,46.7,6.9792528,64.8,8.9701294,0,0,27.36,32.51,206
915.49,15.18,162.1,3.3777794,180.8,4.5633576,0,0,66.45,53.23,207
922.89,17.32,183.6,4.4067718,198.5,5.7265664,0,0,31.74,58.81,208
918.3,17.78,71.7,6.6213424,82.5,8.0306146,0,0,8.73,18.75,209
918.14,26.17,244.3,2.2816788,230.5,2.8856526,0,0,20.13,19.59,210
918.3095406,23.91799323,183.2677142,2.013337411,187.5795237,2.665303283,0,0,10.67546224,15.68484501,211
923.8852213,14.78172351,47.01875913,11.21570137,66.5550073,14.47634577,0,0,17.3082965,15.86277037,212
921.54,7.38,192.1,8.4108944,200.2,9.3727786,0.08,397,77.13,68.27,213
920.627327,25.92746944,95.56109178,2.901135951,124.8664049,3.968540654,0,0,18.10408267,16.62283008,214
917.24,7.49,153.8,7.2253162,78,10.5583568,0.06,740,55.88,51.51,215
918.88,15.94,178.8,4.362033,185.4,4.921268,0,0,34.77,44.29,216
923.6,4.79,130.9,1.7224438,163.1,2.7514362,0,10,79.26,56.22,217
921.1268634,9.230157867,42.3551878,11.3135682,65.46714208,15.0339002,0,0,28.24334024,19.04997387,218
921.6140613,15.85194249,35.94690682,4.472759068,55.81514063,5.664554056,0,0,11.81543762,13.17754565,219
923.7574672,21.62305603,195.4587087,5.090498516,218.7921781,6.46314964,0,0,17.41592061,18.67616179,220
919.0364128,23.45277099,108.7555383,2.924410013,59.47563149,3.618356966,0,0,13.41607864,19.97861256,221
915.5,20.45,177.4,3.5567346,195.7,4.585727,0,0,50.36,53.44,222
917.8075395,26.36788887,126.2423615,1.465764042,70.00171833,1.96225087,0,0,14.86957859,19.82618853,223
918.71,4.7,214.5,16.1283374,222.4,18.2757998,0,40,79.78,89.4,224
916.31,26.39,175.7,6.71082,187,8.1424616,0,0,24.16,41.57,225
914.7,17.54,171.9,8.5674802,182.8,10.625465,0,0,51.62,52.44,226
917.86,19.32,207.6,1.5211192,241.5,2.3040482,0,0,51.97,40.65,227
920.4809981,18.62179761,111.7479205,3.77668495,52.27047864,4.586099132,0,0,22.89603974,22.4393455,228
919.28,22.58,95.9,4.7199434,85.6,5.8831522,0.01,20,47.51,44.72,229
915.6,13.49,178.3,3.1988242,201.7,4.1607084,0,0,89.95,71.89,230
918.9,24.93,343.4,2.8632832,147.8,3.6685816,0,0,32.28,35.73,231
917.4,21.29,176.2,6.1292156,184,7.1358386,0.05,270,49.43,52.4,232
921.65,17.15,56.7,10.7149426,77.3,13.7124422,0,0,21.11,20.89,233
915.61,20.73,46.7,10.9162672,64.5,14.204569,0,10,8.3,12.71,234
915.8361258,21.41796476,178.2177358,3.337398212,186.3637652,4.142721001,0,0,10.91538616,21.17396146,235
922.18,5.82,195.4,7.1358386,208.5,8.4556332,0,0,84.08,77.87,236
923.5521786,21.71793901,197.674723,3.942863916,210.8224238,5.165807062,0,0,13.30978526,15.87360525,237
921.4455101,17.18448919,65.04693863,9.134018007,80.4816318,11.65902058,0,0,16.54143045,18.30612273,238
920.85,14.11,47.5,9.1267152,58.9,10.6030956,0,0,13.49,14.87,239
920.02,9.97,183.4,8.388525,193.7,9.8201666,0,0,50.36,71.65,240
921.34,16.89,59.1,11.8334126,86.3,16.5757254,0,0,20.63,17.71,241
916.5815039,24.01370135,177.4437013,6.690025815,185.4677636,7.53528201,0,0,15.48874732,22.78404812,242
922.32,13.07,215.9,9.395148,228.5,10.849159,0.02,60,91.12,91.16,243
917.08,17.76,220,3.4896264,230,4.362033,0,0,22.56,51.91,244
920.0421425,18.44543871,122.9616493,3.626740706,48.25147194,4.628611525,0,0,24.3668217,22.16642603,245
920.5,4.91,185.3,5.5699806,203.3,6.9792528,0,90,70.31,61.05,246
916.45,23.51,129.3,1.0513618,102.2,1.7671826,0,0,24.75,41.16,247
915.4,7.44,249.3,11.2070694,289.7,15.0098674,0.56,2495,90.47,51.1,248
919.55,15.05,49,20.8930196,58.5,24.6958176,0,0,12.86,9.82,249
917.6,23.85,63.9,11.6544574,84.7,15.099345,0,70,53.83,66.71,250
921.3913192,20.12417092,199.1894024,4.538617584,208.4446444,5.40260097,0,0,10.45281845,14.07935783,251
917.56,20.34,171.6,7.605596,179.6,8.6793272,0,0,40.14,37.55,252
923.9079209,22.62366337,225.4066007,2.611461343,222.4772277,3.461424717,0,0,16.69798676,18.3723432,253
918.1,23.03,198.9,1.454011,175.3,2.23694,0,0,19.25,36.91,254
919.6158852,21.83328421,47.04243047,4.266622538,80.47154209,6.046422157,0,0,14.42305345,17.46578259,255
914.06,20.35,180,3.9817532,200.2,5.0778538,0,0,59.21,54.18,256
915.2653904,26.84071525,147.9977025,1.381721488,145.4863187,1.838716306,0,0,19.29905188,20.39105,257
923.054433,18.42420568,151.842544,3.544045494,181.1710081,4.943764538,0,0,11.99979093,17.74857781,258
914.83,23.65,175.5,1.4092722,153.8,2.23694,0,0,47.51,53.84,259
916.65,31.89,185.2,1.7224438,217.5,2.1922012,0,0,12.05,14.08,260
919.47,29.21,53,3.131716,78,3.9817532,0,0,16.74,26.51,261
923.5966068,14.65588769,47.73775266,10.63627255,67.14584251,13.67142306,0,,17.99087636,16.46168535,262
915.1019014,22.89537237,210.4389883,1.359570338,126.3068145,1.988785063,0,0,22.7612053,21.79370897,263
919.71,21.27,149.3,2.796175,233.4,5.144962,0.171,999,12.21,8.45,264
916.9,20.21,333,0.6934514,143.8,1.2750558,0,0,20.19,29.47,265
923.78,18.03,150.3,4.0041226,179.1,5.5699806,0,0,10.97,17.78,266
922.85,17.27,47.7,15.434886,65,19.3047922,0,0,15.67,14.48,267
920.4,15.3,277.8,1.9461378,257.4,2.4830034,0.86,6950,43.63,56.25,268
920.5277587,15.79631623,55.19383295,12.48279264,73.42785151,15.31898188,0,0,18.13637262,11.00459535,269
921.4611652,17.28684921,65.07102334,9.38454164,80.62614005,11.99709279,0,0,16.22531864,18.25795332,270
923.82,17.98,126.4,2.9751302,63.8,3.467257,0,0,22.19,26.94,271
915.73,7.63,182.2,7.3147938,190.1,8.500372,0,0,90.61,87.29,272
917.15,9.65,169,10.2004464,184.6,12.6610804,0,0,34.7,63.2,273
922.7542207,10.17274383,47.771267,13.45038354,67.99995535,17.76127697,0,0,28.34741392,17.31998661,274
920.6319977,20.34418926,192.6645154,3.9575881,221.7386317,5.106171337,0,0,15.45566476,20.36778566,275
917.0108508,29.84408884,116.2586699,2.327021942,49.72975715,3.09794544,0,0,15.66874657,16.48969347,276
920.48,17,194.4,2.7514362,,3.8699062,0,0,52.58,54.03,277
916.4,25.84,182.5,3.914645,191.6,4.6304658,0,0,34.71,27.88,278
915.71,30.19,234.3,1.7448132,125.5,2.5053728,0,0,8.68,16.97,279
913.8,20.53,139.6,2.23694,188.5,3.5343652,0,0,35.16,60.2,280
929.32,9.99,107.7,1.789552,152.6,3.0422384,0,0,11.34,26.7,281
920.8759517,23.44921342,60.52244272,8.161792183,76.01683204,10.26903163,0,0,15.66055566,18.78987913,282
919.84,9.74,220.9,5.9502604,232.1,6.9568834,24.02,6690,91.4,67.24,283
920.9025993,13.88595371,70.74353221,2.901722608,63.99951283,3.511527166,0,0,21.67838488,23.87159318,284
919.8622252,24.11558741,220.8597052,1.644036217,159.9642197,2.555761291,0,0,14.79946385,22.53383155,285
913.6332677,28.14675792,206.3715931,1.311490874,165.0858179,1.907801164,0,0,15.61173428,24.37257155,286
913.49,10.61,169.3,5.3015478,192.3,6.7779282,0,0,76.05,53.67,287
913.26,9.03,235.9,11.4978716,252.6,14.1821996,0,150,89.75,88.56,288
918.55,11.53,175.3,3.019869,202.5,4.4291412,0,0,66.2,68.39,289
921.5654424,17.96866156,65.23144978,11.05326069,81.58869867,14.24896635,0,0,14.11972166,17.93710044,290
918.3,11.02,203.5,1.677705,189.8,2.2593094,0.02,240,61.38,51.07,291
916.8678815,27.47341642,91.34080647,1.876678521,122.7171291,2.651073695,0,0,27.88601462,20.354712,292
917.8037736,25.01549083,178.4783736,5.352933499,192.9531575,6.366609824,0,0,19.9366652,20.59496559,293
916.4723882,24.40559694,177.8555033,4.900103325,193.524122,5.902168621,0,0,19.74461351,21.98604272,294
920.3305959,22.35693925,149.9188291,2.815387376,179.0964804,3.963595764,0,0,18.83472065,16.65600767,295
916.12,9.49,212.2,1.7000744,232.5,2.572481,0,0,77.33,60.52,296
917.3,23.12,147.7,2.4158952,175.2,3.467257,0,0,12.99,13.62,297
923.2818523,9.301221406,46.5709468,14.15724013,67.53410494,18.20855047,0,17.74736746,17.25063181,14.88513753,298
923.21,6.59,264.5,1.2526864,203.3,1.9685072,0.725,5558,85,84.47,299
915.6,25.51,35.1,3.5119958,50.2,4.4515106,0,0,24.71,49.29,300
913.34,14.01,215,3.7133204,224.4,4.47388,0,0,81.77,64.01,301
916.75,16.43,79.7,2.5501116,96.5,3.1540854,0,0,35.24,47.15,302
918.59,10.6,78.1,4.697574,91.5,5.7265664,0.02,80,46.23,77.94,303
919.5763366,17.55664109,72.85668006,6.086013317,85.61107052,7.3882197,0,0,10.01830228,16.35686883,304
916.1,13.57,184.1,10.2451852,194.8,12.079476,0,0,22.64,67.41,305
913.97,22.68,219.7,1.4987498,125.9,2.1922012,0,0,25.92,23.89,306
917.9558332,25.76834136,40.39898136,5.73771025,57.7944455,7.192632706,0,0,19.42487217,20.59355754,307
920.0422643,20.68262585,47.21579864,21.18064407,64.21894095,26.44910475,0,34.23159729,14.76320266,8.947679671,308
919.1,28.97,247,1.7224438,63.3,2.684328,0,0,28.29,27.44,309
918.03,6.7,165,7.5161184,186.8,9.9096442,0.02,250,90.43,73.65,310
919.49,29.75,95.8,3.1764548,51.2,4.0488614,0,0,16.08,21.39,311
915.1,32.1,159.5,2.6395892,189.2,3.7580592,0,0,30.27,34.53,312
916.5427326,24.74040324,174.008328,3.729839123,184.9302538,4.7199434,0,0,12.40234867,22.34397526,313
919.4138095,19.72762952,143.6927257,1.10993661,125.4195178,1.779403225,0,0,16.46413937,18.9414337,314
917.09,17.37,175.5,6.7331894,186.3,7.9635064,0,0,62.82,63.63,315
917.93,8.92,258.2,2.684328,287.6,3.8922756,0,40,82.81,52.98,316
913.2,17.43,178.8,7.2253162,189.7,8.500372,0,0,49.18,47.99,317
919.76,12.38,214,4.2054472,223.5,4.921268,0,0,17.77,16.79,318
921.9,25.67,50.7,5.368656,74.5,7.4490102,0,0,13.49,17.63,319
918.1,14.87,188.1,4.6304658,199.9,5.8607828,0,0,87.9,61.66,320
921.9102504,12.00116338,47.63037166,12.12761178,65.79789973,15.60581857,0,0,17.36394962,22.1791115,321
926.7620317,12.61382461,54.02433425,5.026891007,54.97828283,7.145174589,0,0,14.42540404,15.32410468,322
918.1,7.07,185.9,9.0148682,196.8,10.737312,0,10,87.27,88.67,323
917.54,21.88,219.5,2.1698318,202.4,2.7066974,3.6,10970,75.48,78.28,324
920.4,26.21,205,1.6553356,233.7,2.3711564,0,0,40.04,30.57,325
926.55,17.09,67.8,14.8309122,88.8,18.790296,0,0,11.22,11.15,326
916.3,14.72,175,4.0712308,182.4,4.7199434,0,0,24.05,38.89,327
921.4118864,16.68170992,63.20843848,8.247016861,79.12553762,10.4455477,0,0,19.01460029,19.0723995,328
919.4216453,20.12222851,140.3023937,1.216893216,123.644714,1.865605816,0,0,16.41271205,17.87166282,329
918.1,16.66,191.1,11.0504836,199.4,12.7281886,0,0,19.24,28.51,330
918.9020905,23.05694219,177.3280285,0.958510766,128.8283933,1.439668078,0,0,12.87453981,15.84193979,331
918.6948668,23.70876276,36.53826746,2.644399729,69.28693503,3.479075859,0,0,10.83953628,20.31486676,332
919.92,11.23,94.5,1.9908766,85.3,2.7738056,0,0,60.33,68.16,333
916.23,24.3,149.1,2.7514362,187.5,4.1830778,,1480,31.88,32.9,334
913.2,3.9,185.8,8.8135436,200.8,11.072853,0.01,130,91.42,76.7,335
912.89,7.4,213.4,21.25093,220.5,23.5773476,0.03,250,84.09,63.36,336
924.72,17.51,29.7,1.3645334,47.7,1.8119214,0,0,7.32,15.11,337
912.8,5.84,190.8,11.3860246,198.1,12.7281886,0,0,89.77,80.87,338
916.4,22.76,175.9,3.1988242,186.4,3.9593838,0,0,19.96,37.89,339
920.5194575,27.42874759,159.7225354,2.614439223,190.3693735,3.539454826,0,0,15.82215431,17.41234338,340
921.48,24.79,195.8,4.2054472,213.5,5.3910254,0,0,19.08,26.65,341
908.42,7.84,174,16.217815,212.4,21.2732994,0.07,400,91.17,77.1,342
916.28,8.81,52,10.625465,68.4,13.6900728,0,0,57.7,55.03,343
917.06,26.21,218.8,1.4987498,215.7,2.2145706,0,0,34.3,51.65,344
920.53,27.75,59.3,10.1557076,79.3,12.7058192,0,0,19.8,13.02,345
919.9688186,19.27537072,64.42289391,9.361890964,74.97891479,10.8475151,0,0,17.82731464,14.50518985,346
920.1812947,14.94894962,57.9008855,9.395120679,75.72433588,11.73543121,0,0,18.93314198,16.43676641,347
915.69,6.47,177.9,9.171454,187.3,11.1175918,0,80,91.88,62.3,348
923.0384033,15.90944359,51.00012096,17.0708015,63.70229822,22.10491764,1.21E-05,20.04838365,8.902153072,14.45222233,349
917.12,7.72,179.2,3.4001488,195,3.9817532,0,0,89.03,66.87,350
917.15,15.53,191.4,6.6884506,198.2,7.381902,0,0,20.12,34.73,351
925.28,19.15,49.4,11.2294388,77.9,15.3454084,0,0,13.93,13.77,352
919.7073418,20.15401262,228.9312659,3.95103064,245.8246833,5.183273101,0,0,14.76524046,21.42521509,353
922.8213104,19.89627858,55.75765832,9.555245,68.8572785,11.55889198,0,0,14.89222774,15.47248703,354
917.6,27.73,90.4,1.677705,121.4,2.348787,0,0,29.99,21.73,355
919.11,14.7,38,2.1698318,60.1,2.8185444,0,0,32.7,35.7,356
921.6848174,16.14104923,55.95905705,10.9939139,75.86412607,13.95291529,0,0,17.74130451,13.23763896,357
917.44,14.73,55.1,10.0214912,,12.7058192,0,0,13.88,25.93,358
923.9819454,20.12083052,38.6507052,5.170105725,64.89323931,7.160321329,0,0,18.27735168,17.35063353,359
919.0136723,16.99857318,166.8471586,3.643050208,190.0700122,4.869821116,0,0,22.37015948,21.27759609,360
920.4449457,18.77880295,49.8233462,21.52017709,61.88694438,25.54911195,,40.36401816,12.27871544,7.618648921,361
926.5,21.73,52.8,12.1018454,68.6,14.8085428,0,0,13.94,12.48,362
920.0038902,20.73217373,197.6057207,4.670853574,210.0279175,6.047160368,0,0,13.76670499,13.09702532,363
917.7,18.54,85.9,3.0646078,90.6,4.5409882,0,0,22.93,30,364
917.85,18.54,129.9,1.454011,176.2,2.23694,0,0,39.37,46.6,365
924.94,13.98,53.2,14.0256138,69.5,18.6560796,0,0,19.24,17.77,366
918.1,9.97,124.3,1.454011,144.1,2.23694,0,0,91.87,67.64,367
924.789568,21.78067043,227.9018441,2.522801012,222.9165701,3.373798753,0,0,15.13919915,17.09214436,368
916.32,17.24,68.9,3.9593838,79.3,4.6528352,0,0,37.05,37.95,369
917.35,23.86,190.1,1.3197946,215.6,1.9237684,0,0,57.9,54.77,370
917.8,24.39,161.9,8.7464354,183.5,12.5939722,0,0,42.09,54.07,371
911.45,19.07,66.2,1.8342908,78.1,2.8856526,0,0,47.61,55.29,372
918.3,26.03,88.4,2.8409138,108.4,3.9370144,0,0,15.77,44.52,373
916.4752029,25.92048498,120.9,2.639039347,132.5625478,3.39497844,0,0,17.63831369,18.71059461,374
918.0264534,23.02327529,182.9329452,1.366093834,185.8562013,2.032277076,0,0,10.41924474,17.51267493,375
916.9860065,24.35767815,150.2389512,1.30391354,142.6246944,1.889003196,0,0,17.43009839,20.3686575,376
915.92,8.58,204.7,4.1159696,224.1,5.3462866,0,0,72.38,71.9,377
924.1,18.17,62.9,10.5807262,72.5,12.3926476,0,0,13.05,16.17,378
916.63,18.46,188.5,1.1855782,225.7,1.8342908,0,0,15.09,22.77,379
917.2,23.41,176,3.0646078,191.4,3.7133204,0,0,13.32,12.34,380
918.48,19.19,90.9,3.467257,89.4,4.4067718,,0,20.64,14.35,381
921.11,17.76,36.1,3.2883018,57.2,4.026492,0,0,26.6,28.17,382
918.6370623,23.01663606,181.4674754,1.024885233,186.3940328,1.634550395,0,0,12.96076068,17.33744917,383
922.1838463,12.66143805,48.07333865,6.611144735,65.08397128,8.528633998,0,0,19.40615365,21.28846893,384
913.07,14.23,217.2,2.5501116,239.7,3.2211936,0,0,76.67,64.23,385
913.32,26.23,95.9,2.8409138,129.1,4.1159696,0,0,17.69,13.69,386
914.63,13,191.1,5.368656,199.6,6.4200178,0.04,380,91.49,91.2,387
915.71,25.58,53.1,4.2725554,72.7,5.1897008,0,0,26.53,50.63,388
916.5,23.66,101.2,1.8342908,132.4,2.5948504,0,0,33.73,37.01,389
914.1317359,28.10175117,120.8103396,2.577089777,139.2395463,3.399743453,0,0,19.91117711,23.83945638,390
920,20.03,197.1,4.6752046,209.6,6.151585,0,0,14.5,13.7,391
919.58,16.73,192.3,4.5633576,207.6,5.6594582,0,0,76.03,57.93,392
921.6436746,20.49688034,194.7975764,3.37330212,216.3793584,4.520630245,0,0,17.9856135,17.52458142,393
917.3966172,25.94303766,134.9097068,2.637338559,40.85169294,3.771115841,0,0,22.81590461,17.92415353,394
922.254438,16.54895026,282.2708711,1.866895169,232.5231382,2.425626104,0,0,8.596749102,22.68111844,395
917.1,14.8,185.3,10.2451852,191.3,11.5873492,0,0,28.13,71.42,396
924.08,15.6,54.2,18.9245124,72.1,23.5549782,0,10,13.13,13.29,397
917.7,13.48,199.3,3.5567346,211.8,4.697574,0,0,75.16,50.38,398
925.63,15.49,42.7,15.099345,63.1,19.8863966,0,0,13.05,12.14,399
916.7370565,25.20926339,184.1935057,3.334137998,201.3326117,4.048377157,0,0,31.21607683,22.01948134,400
921.5105339,15.83900854,45.95311769,20.72438109,58.41830375,25.52754984,0.01,54.01525312,11.45801709,9.346644313,401
912.98,8.33,190.2,5.6594582,202.6,6.822667,0,0,91.33,67.17,402
912.3,23.64,164.4,3.7580592,182.8,4.809421,0,0,34.16,56.6,403
923.8,15.54,209.4,3.0422384,242.1,4.3396636,0.18,1350,32.3,44.46,404
924.16,16.6,111.8,3.4448876,119,4.809421,0,0,15.21,41.31,405
920.91,19.12,198.1,4.0712308,210.7,4.8317904,0,0,13.42,14.55,406
918.69,9.39,200.4,4.47388,222.1,6.0844768,0,0,77.7,62.93,407
921.8,11.94,305.9,3.0869772,275.6,4.2054472,0,0,23.67,26.65,408
,19.91879629,65.88061552,4.32859364,78.57092328,5.216734221,0,0,18.48738543,20.35659405,409
923.95,8.99,28.9,4.1830778,44.7,5.144962,0,0,74.21,74.1,410
922.8084455,15.59121183,136.5277702,3.378980958,148.027201,5.268364379,0,0,19.82925713,19.38931405,411
922.99,15.27,137.5,3.3777794,147.2,5.2791784,0,0,19.84,19.58,412
926.77,18.72,47.7,9.9096442,65.6,12.7281886,0,0,11.4,9.34,413
922.2,14.61,41.3,4.6752046,55.8,5.7489358,0,0,32.4,32.97,414
915.3,10.84,179.4,5.0778538,186.5,5.7489358,0,0,68.52,56.22,415
918.5111396,25.34688871,127.5615123,2.130714809,45.58529595,2.858198612,0,0,16.13129142,16.81584367,416
921.2386105,20.10824279,50.44668658,14.30845427,62.71109452,17.23625393,0,0,17.41872379,14.26026507,417
915.03,22.46,162,2.3711564,190.8,3.3106712,0,0,43.19,53.02,418
918.3,18.27,140.6,3.7580592,90.6,4.809421,0,0,36.04,54.85,419
917.0147568,27.82475218,205.6387433,1.273779328,239.6828346,1.857727387,0,0,17.8492157,24.01717338,420
918.37,18.51,188.3,6.2186932,209.7,7.5608572,0,0,20.46,32.44,421
920.64,12.16,42,14.763804,64.9,19.4390086,0,10,19.11,20.44,422
921.09,21.18,182.8,2.908022,204.5,3.5343652,0,0,43.95,53.04,423
915.3,26.82,148.7,1.342164,145.6,1.789552,0,0,19.27,20.29,424
923.8339962,20.22214566,57.12574792,13.09782124,78.70342491,17.16838282,0,0,9.777602566,8.770732377,425
919.39,18.82,184.8,3.9593838,192.8,4.809421,0,0,48.17,45.35,426
919.09,13.43,21.7,5.3239172,40.6,6.375279,0,0,40.08,48.27,427
914.36,15.51,175.3,4.8765292,187.8,5.8607828,0,0,74.25,66.63,428
920.11,16.19,236.7,3.6238428,188,4.6528352,0,0,28.64,44.75,429
914.1065881,23.20402547,219.0630267,1.503156618,124.8099219,2.218642107,0,0,25.06369772,23.29505378,430
920.5354071,20.38294732,47.5565148,13.00492854,65.87394081,16.72353156,0,0,10.28910353,11.09084613,431
919.01,15.58,147.8,2.348787,62.9,2.908022,0,0,28.47,39.52,432
919.5797521,20.31597943,71.32360231,5.442571736,80.382763,6.483478103,0,0,9.021708209,18.11012393,433
918.16,22.4,206.2,2.125093,242.8,2.9751302,0,0,44.85,46.66,434
922.9187405,15.29379043,45.5093643,17.68292319,61.04871813,22.03106575,0,0,12.96527314,11.10544045,435
916.1,24.64,138.6,5.033115,161.6,5.7713052,0.894,2981,30.93,56.39,436
923.1567033,21.02345698,197.226282,5.676675693,215.1934067,6.981690518,0,0,14.91156137,16.72805406,437
915.91,5.48,160.8,2.908022,82.9,4.697574,2.74,15849,91.6,58.21,438
917.2,12.44,60.6,7.7621818,73.7,9.059607,0,0,20.89,19.05,439
917.83,22.8,145.4,2.8185444,38.3,4.1607084,0,0,25.4,19.2,440
918.78,22.86,36.3,2.2816788,46.7,2.7738056,0,0,26.27,29.89,441
920.9570212,18.46497617,75.12130184,3.891116646,92.48473081,5.187466809,0,0,9.161148737,13.01936632,442
917.58,17.76,161.8,0.8724066,139.8,1.565858,0,0,22.38,40.91,443
923.9946532,22.14586608,227.5375897,2.994232455,227.5390245,3.957259197,0,0,15.61895456,18.65026305,444
920.5189681,20.36761491,55.41630533,15.95716198,74.70511718,20.64466684,0,0,14.45057228,9.613235027,445
914.9,22.3,89.8,1.5882274,59.1,2.2816788,0,0,18.78,53.84,446
919.6439977,17.90953224,88.58946569,16.04767469,112.3313129,19.95423401,0.510196145,1510.906787,18.27250895,11.4117152,447
921.86,12.32,215.2,4.0712308,242.5,5.5476112,0,0,20.78,25.37,448
918.7814078,24.03593533,291.5432172,2.096383108,153.0930703,2.803396893,0.013937082,18.58277567,22.68373007,19.45805179,449
922.7179767,22.25316961,67.91932314,6.522739585,92.21717612,8.328620917,0,0.64410463,12.99786028,13.17715066,450
918.36,13.73,49.8,1.4092722,85.8,2.013246,0,0,62.89,48.3,451
920.5630801,22.91927557,68.45091185,4.491629747,99.30064156,5.952553282,0,0,12.10284365,16.0318929,452
922.1634285,15.96542588,62.9966711,5.583109569,75.09161548,6.742180977,0,0,26.81209698,19.81538851,453
920.4,27.73,56.3,9.6859502,74.1,12.2584312,0.01,90,8,7.22,454
918.3,28.83,62.2,2.7066974,74.6,3.35541,0,0,19.12,25.3,455
918.8,26.88,189.6,1.7671826,80.3,2.7738056,0,0,24.59,23.03,456
920.57,18.41,308.5,2.013246,123.5,2.7514362,0,0,17.16,15.63,457
919.63724,24.50182208,175.3678679,3.411109146,43.43943164,4.85849741,0,0,26.61881505,22.14513189,458
918.26,28,211.6,2.0579848,88.9,2.9527608,0,0,10.76,28.45,459
916.3,17.39,184.8,6.1292156,201.2,7.6950736,0,0,13.83,26.06,460
915.6,30.73,15.5,3.2883018,45.3,4.6304658,0,0,23.16,27.21,461
918.79,11.24,201,4.809421,214.9,6.0844768,0,0,32.08,39.52,462
918.65,22.88,174.1,8.276678,185.3,10.1557076,0,0,47.53,55.53,463
916.33,20.23,170,6.2410626,183.5,7.5832266,0,0,31.22,52.7,464
915.64,19.15,181.5,9.3727786,187.4,10.2004464,0,0,14.71,44.5,465
913.83,11.27,175.2,5.5028724,182,6.3529096,0,0,52.37,68.06,466
922.1,12.3,85,1.4316416,94.8,1.901399,0.04,600,90.84,88.99,467
915.2,19.2,48.9,4.47388,59.9,5.2120702,0,0,38.4,90.3,468
918.6,13.86,157,1.5434886,160,2.348787,0,0,64.72,57.97,469
917.1,11.16,173.8,3.2883018,201,4.9883762,0,0,90.58,88.92,470
917.4,23.36,182.1,3.0869772,201.1,3.8922756,0,0,36.13,24.27,471
914.61,9.69,178.9,6.2858014,190.2,7.5161184,0,0,79.46,48.61,472
920.32,18.59,48,14.875651,64.1,18.4100162,0,0,8.04,8.62,473
908.97,9.27,147.7,8.0082452,183.1,10.5807262,0.16,330,91.89,91.22,474
922.2399667,23.51677357,144.7258731,1.163097198,95.82487527,1.833570672,0,0,14.73920053,14.05374792,475
917.18,17.13,186.3,3.2211936,197.7,4.026492,0,0,36.63,54.89,476
915.3745951,22.77489847,214.8930543,2.200839329,231.1044261,2.89063635,0.006534604,49.0095322,27.03081148,22.78455864,477
920.9692432,20.56218391,197.2028375,4.468167476,210.0370592,5.892788595,0,0,14.29432506,14.27588983,478
918.94,8.13,260.2,2.7738056,287.2,4.0041226,0,0,76.02,73.74,479
917.3344109,19.4462047,66.15487161,4.738371951,79.24146525,5.786874214,0,0,18.72097432,19.92657856,480
915.55,23.2,182.4,9.3727786,193.4,10.9386366,0,0,31.7,15.7,481
915.7,15.84,79.1,8.2319392,88.3,9.4398868,0,0,16.79,27.88,482
920.8,18.38,75.5,4.0936002,92.3,5.4581336,0,0,8.8,12.31,483
923.63,12.08,54.4,2.8409138,87.7,4.0488614,0,0,33.72,47.58,484
918.49,20.84,149.5,1.9237684,155.5,2.7066974,0,0,52.4,48.38,485
919.19,23.28,68.8,3.1988242,103.8,4.4515106,0,0,11.49,17.82,486
920.59,8.78,127.6,2.2816788,156.9,2.9751302,3.71,6670,79.3,64.07,487
922.1314417,15.51792992,166.2371166,2.167788868,195.8876278,3.042690663,0,0,12.01768407,16.15894313,488
922.98,17.43,125.3,3.6462122,98.6,5.4133948,0,0,15.84,14.1,489
917.4,25.13,230.7,1.8566602,201.8,2.6395892,3.13,2980,14.31,26.27,490
921.1399556,16.50764246,110.3750925,4.025592225,53.62885584,4.831773845,0,0,23.58245375,23.57084481,491
920.66,21.42,47.3,11.9228902,66.9,15.7480576,0,0,11.59,12.52,492
913.63,7.42,185.6,9.6412114,197.2,11.743935,0.09,540,64.9,64.71,493
915.6,21.27,121.7,1.7671826,165.3,2.5277422,0,0,52.36,56.31,494
916.23,18.79,165.5,7.3371632,183,9.9096442,0,0,40.51,54.37,495
919.9806643,17.82894413,51.97141163,22.09173287,73.35195724,27.53505969,0.023570582,125.1079476,12.64710564,9.777224285,496
921.36,8.36,46,11.9452596,67.7,15.6362106,0,0,22.52,21.69,497
912.65,20.15,123.2,1.677705,175.3,2.684328,0,0,53.18,59.96,498
919.5,26.59,97.7,1.4763804,144.4,2.23694,0,0,8.48,7.42,499
923.72,14.56,191.2,4.8317904,99.5,7.493749,0,0,20.94,17.48,500
922.5730654,14.85180172,55.14842036,18.40590898,75.26140119,23.63748329,0,10,10.75368011,10.45527693,501
914.95,4.18,274.2,2.1698318,263,2.8632832,1.75,6160,91.23,86.55,502
919.7381606,19.68485794,147.4708815,1.157775334,129.9818192,1.899000036,0,0,15.44118585,19.56875014,503
920.02,27.58,209.2,1.901399,70.4,2.8856526,0,0,29.46,30.78,504
922.6394891,22.48890646,68.51617261,5.106287101,75.84320379,5.952700857,0,0,10.81813497,18.22244766,505
917.29,25.67,51.5,7.1805774,68,9.1938234,0,0,21.87,27.29,506
914.62,18.96,172.4,7.6503348,187,9.5964726,0,0,46.7,51.9,507
917.36,15.84,179.9,3.6462122,198.5,4.5409882,0,0,74.44,58.55,508
918.9775162,12.01993399,47.48905237,7.650124863,64.48678172,9.535366158,0,0,23.89933272,22.60694278,509
918.09,20.48,54.8,16.5086172,73.4,21.2285606,0,0,16.43,9.78,510
912.99,18.1,172.6,7.0239916,183.7,8.6793272,0,0,44.78,55.15,511
919.52,16.8,294.2,2.0803542,232.8,3.1764548,0,0,39.3,64.24,512
917.2,24.23,138.3,1.9461378,128.2,2.7290668,0,0,62.54,56.06,513
923.27,17.53,78.9,10.5583568,80.2,15.099345,0,0,18.67,17.28,514
923.6,11.1,307.4,2.9527608,282.9,3.579104,0,0,26.22,38.85,515
917.4,7.29,215.5,8.1872004,225.4,9.6412114,0,0,91.48,77.89,516
920.57,12,100.1,4.697574,,6.2858014,4.712,14842,79.88,84.53,517
922.47,10.2,181.1,7.3371632,191.4,8.724066,0,0,82.83,75.97,518
916.25,13.15,176.4,6.6660812,188.2,,0,0,72.55,74.39,519
917.33,26.56,198.9,1.9908766,225.8,2.7738056,0,0,28.4,53.57,520
921.73,14.32,80.6,2.1027236,58.8,2.6619586,0,0,23.93,24.17,521
922.1416622,19.31690426,149.6426422,3.602571205,178.1139633,5.038349176,0,0,11.48071642,16.72822756,522
917.9848317,24.37904642,173.4286689,2.987343292,191.898915,3.683273091,0,0,13.93021141,13.48750448,523
917.4,21.07,197.7,4.4515106,214.6,5.6594582,0,0,70.84,51.54,524
917.4,16.62,251.8,1.7671826,267.4,2.3264176,0,0,20.56,20.9,525
920.86,19.41,75.4,2.684328,89,3.4448876,0,0,17.45,17.6,526
917.12,14.11,136.7,1.4987498,100.2,2.125093,0,0,51.03,41.11,527
920.67,18.92,137.5,1.8342908,46.8,2.4382646,0,0,12.57,17.76,528
915.5,14.24,188.2,2.4158952,203.7,3.35541,0,0,61.65,68.6,529
915.31,26.04,212.4,1.6553356,189.8,2.0803542,0,0,26.95,39.45,530
914.13,9.84,177.7,3.3777794,189.8,3.9817532,0,0,90.11,70.17,531
913.27,4.5,190.4,12.9295132,201.4,14.9203898,0,0,81.45,91.06,532
915.87,24.75,224.5,2.1698318,215.8,2.908022,0,0,38.72,44.85,533
919.42,11.73,199.6,5.8831522,211,7.1358386,0,0,67.91,80.61,534
913.7,6.85,206,1.7448132,216.5,2.4830034,1.48,4900,73.7,75.57,535
920.97,15.4,55.5,12.079476,73.7,14.9651286,0,0,17.82,10.28,536
921.6156984,24.46059751,173.8211847,1.367872031,202.9050699,1.840100132,0,0,14.78937917,21.09812207,537
921.17,15.19,180.8,6.822667,190.4,8.2543086,0,0,31.23,37.44,538
923.5524394,15.33806434,54.53203112,18.74295527,73.20677041,23.58386229,0,10,12.29807758,12.29759587,539
921.409125,16.02733926,43.46135747,21.3141794,54.94142903,25.60532544,0.01,51.11785752,11.83467852,9.984071345,540
921.4802306,15.37982702,47.12968346,16.57727206,60.80172983,20.11195953,0.002651296,42.65129609,17.09469792,14.11011567,541
922.8088856,20.41419502,198.2709474,4.191824642,209.1927438,5.236938698,0,0,11.97821747,15.64703999,542
921.65,17.15,56.7,10.7149426,77.3,13.7124422,0,0,21.11,20.89,543
923.4182873,15.79724128,52.16396102,17.74318973,66.75539768,22.62984599,0,16.36262181,10.43861097,14.03442675,544
917.69,12.68,201.1,2.125093,222.8,2.7514362,0,0,90.67,57.14,545
,5.97,251.1,12.9295132,274.4,17.6047178,14.627,7825,87.87,70.77,546
922.2663561,17.87950353,55.8724506,10.16769248,78.99805134,13.32638791,0,0,14.35572063,12.08116646,547
914.4,26.62,174.4,3.9370144,190.8,4.8988986,0,0,25.39,31.6,548
918.8654987,20.64948819,45.36711473,3.808706671,82.24797775,5.44993317,0,0,14.75482484,17.52593023,549
915.8085372,22.89862327,215.6293677,2.179238163,232.5468761,2.867685111,0.008948747,67.11559972,28.50887012,22.57935654,550
920.87,5.94,209.6,5.3239172,217.5,6.0173686,0.49,2630,92.1,92.25,551
920.2881549,24.31402048,91.57883166,1.271150431,88.19448437,1.897493631,0,0,13.22288158,16.77548161,552
922.9620356,16.73965972,195.1266938,4.370476525,204.8885108,5.240068616,0,0,17.92168895,14.67655324,553
921.02,23.17,70.9,4.1159696,78,4.7423128,0,0,9.35,17.39,554
921.22,14.18,56,17.9402588,78.1,23.711564,0,10,8.62,7.91,555
921.44,16.23,200.5,5.5028724,211.2,7.0910998,0,0,13.32,26.9,556
917.61,22.79,42.3,4.3396636,64.2,5.59235,0,0,6.09,19.23,557
915.3,20.85,74.5,1.2974252,95.3,1.677705,0,0,23.64,31.64,558
922.5,19.3,71.4,1.901399,94.3,2.5277422,0,0,12.71,19.99,559
922.1741306,16.8153242,47.96625159,16.55276044,63.66874203,20.40892228,0,0,15.09448694,13.52559044,560
916.83,27.11,193.8,1.9461378,218.7,2.684328,0.08,530,44.38,36.55,561
925.7586492,22.53003611,52.84790635,12.34832177,69.30661872,15.15950372,0,0,15.43108526,12.56263846,562
912.5,14.11,123.7,2.6619586,133.8,3.8699062,0,0,67.2,49.61,563
917.4619004,13.06201347,61.02658021,7.933056319,73.80912517,9.239358118,0,0,20.61421094,18.54008785,564
909.86,12.3,159.7,18.7231878,187.9,24.4721236,9.05,17704,90,90.06,565
918.3553107,17.87426964,53.75770786,14.55859776,72.16820019,17.26493412,0,0,19.50949951,14.29028236,566
914.86,8.91,183.6,5.0554844,193,5.9949992,0,0,78.99,53.53,567
919,21.01,238,1.677705,269.3,2.1698318,0.07,270,69.99,36.44,568
921.61,18.26,65.3,11.7663044,82,15.211192,0,0,13.22,17.8,569
910.34,10.4,174.7,10.7820508,192.7,13.3992706,0,0,87.7,60.4,570
920.3347769,28.33566929,53.8869959,13.70887679,75.04058694,17.17209332,0,0,25.64781918,13.15310666,571
919.4,21.03,119.4,1.006623,158.7,1.9237684,0,0,26.49,27.52,572
922.7024588,13.88561574,46.2728257,6.004598502,58.30156365,7.924999488,0,0,14.41260501,12.70505876,573
923.48,18.04,52.4,9.4846256,67.8,12.079476,0.05,100,12,11.24,574
916.64,20.5,195,2.9527608,208,3.6685816,0,0,26.01,35.95,575
922.473233,19.24432456,71.48565452,1.991812146,94.19293185,2.631926885,0,0,12.68992472,19.79620665,576
920.0755911,20.74930559,45.66998109,21.1083898,63.63827344,26.65959626,0.001194497,34.15009457,15.27325813,9.58719828,577
916.7,20.82,302.1,2.1027236,292.8,2.9303914,0,0,19.36,25.28,578
915.4454464,21.45121796,215.3871566,2.003131628,121.9049451,2.994472967,0,0,25.16638737,22.91998856,579
923.634017,16.97806207,62.93070015,13.15324274,87.40077591,17.55082378,0,0,16.48667949,14.82156402,580
916.87,19.78,66.3,4.4067718,79.2,5.3462866,0,0,18.75,20.08,581
917.8482865,22.42196329,174.7154322,2.916904476,191.9762547,3.579044651,0,0,13.03427371,12.72176874,582
912.79,5.27,171,8.612219,204.1,11.520241,0,20,91.28,91.34,583
922.5930641,20.1202824,56.78078065,9.838116036,81.21720479,13.0450881,0,0,8.630765356,8.769313786,584
916.25,26.53,48.6,1.0737312,99.8,1.5882274,0,0,41.99,38.23,585
922.1,17.2,231.6,1.789552,228.8,2.5277422,0,0,11.71,14.1,586
919.32,19.74,142.6,1.0961006,124.1,1.7448132,0,0,16.76,18.76,587
918.38,17.87,195.8,5.0107456,205,5.9502604,0,0,16.3,56.45,588
919.9401109,24.98276229,179.5235946,4.788759632,191.5540599,5.717718473,0,0,19.47201277,17.56749525,589
918,15.73,187.5,4.2725554,207.6,5.5476112,0,0,35.83,40.97,590
920.81,15.04,181.6,9.0148682,186.3,9.9096442,0,0,20.05,19.47,591
918.9812134,26.53836817,187.8472802,2.358614612,69.13012456,3.55130611,0,0,26.11100432,23.05376569,592
925.3,22.65,227.2,2.6619586,221.8,3.5343652,0,0,15.79,17.66,593
917.54,25.28,150.7,2.1474624,207,3.4448876,0,0,35.49,36.68,594
920.3048566,15.15304374,38.58008168,5.782927755,59.23580704,7.288502638,0,0,13.71033915,12.36298408,595
916.35,7.06,176.1,9.5293644,187.3,11.8110432,0.02,220,92.19,92.15,596
920.3726566,24.20465299,183.709306,3.168316887,191.7675125,3.875470011,0,0,12.7482237,10.89967875,597
921.16,14,188.6,3.0869772,199.5,4.6304658,0,0,28.43,26.07,598
914.2,22.44,212.9,2.2593094,227.2,2.9527608,0,0,23.03,23.34,599
916.72,30.52,272,2.1922012,187.2,2.8632832,0.03,40,29.05,23.87,600
920.31,28.41,53.2,14.1598302,74.5,17.7389342,0,0,26.39,13.17,601
922.8831801,20.98762059,194.0165857,3.285986898,219.828704,4.356205907,0,0,19.2816672,19.41524981,602
920.8,14.19,211.5,7.0910998,223.7,8.500372,0,0,73.17,77.96,603
914.07,8.36,319.9,3.7356898,229.9,4.921268,2.03,5930,92.14,73.08,604
916.47,18.94,65.1,2.572481,83.1,3.3777794,0.37,2230,89.08,88.96,605
914.87,11.71,210.8,1.3869028,142.5,2.0356154,0,0,81.4,71.44,606
915.6,24.6,188.4,1.8566602,173.8,2.3711564,0,0,21.61,43.05,607
917.6,20.92,328.3,1.5211192,227.8,2.348787,0,0,13.38,20.56,608
924.3182803,22.15186436,196.9072645,5.925072383,216.1900676,7.465310917,0,0,15.26333978,17.49593059,609
921.7721683,8.856896689,44.66195145,12.9398806,66.83015742,17.08765891,0,0,32.68783799,16.83403837,610
923.87,9.09,199.9,6.1739544,217.5,7.493749,0,0,42.84,22.53,611
921.1687386,17.76894741,75.02590747,4.718126612,91.24646104,5.96482484,0,0,10.46459156,12.54177857,612
919.3,4.42,192.1,1.4092722,108.7,2.1922012,0.26,2770,83.81,69.74,613
921.09,22.45,180.2,1.2750558,189.6,1.901399,0,0,17.3,13.96,614
918.2699194,11.97723238,89.81069313,5.085931369,97.3363786,7.974817452,0,0,18.65590535,14.12435786,615
917.2,24.17,177.6,7.4042714,182.9,8.2095698,0,0,14.35,22.4,616
920.24,23.56,173.1,6.487126,180.7,7.3595326,0,0,27.88,35.47,617
918,15.19,175.6,5.144962,188.1,6.3529096,0,0,60.74,51.52,618
916.8180715,23.50162514,177.5575635,6.654340972,183.6850752,7.469132162,0,0,13.59463032,22.26632503,619
921.2,13.77,192.3,9.5517338,201.4,11.0057448,,0,59.79,77.75,620
920.1103502,23.78817108,237.4552092,2.361333411,239.5604456,3.044961821,0,0,16.12995176,16.60677905,621
921.88,8.65,45.6,13.2203154,67.4,17.4033932,0,0,31.99,17.14,622
923.3,14.93,69.8,8.1200922,86.6,10.0214912,0,0,33.05,26.12,623
916.17,13.65,239.1,7.717443,254.7,9.6635808,1.63,1860,70.8,89.4,624
912.4,10.43,171.6,,181.4,4.8317904,0,0,86.84,64.74,625
915.93,17.84333333,97,3.452344067,120.4,4.324750667,0.01,10,47.22666667,55.09,626
921.4331658,18.13043101,72.4034958,5.024051647,92.62351536,6.936517565,0,13.86494417,9.220569973,12.01883617,627
919.1250905,17.21704026,168.8133624,3.853190247,191.5992818,5.211909552,0,0,20.8758446,20.78822981,628
919.511475,12.82966937,213.9508314,4.118457284,223.6653854,4.8332782,0,0,18.0051154,17.08277678,629
921.7634017,18.90137032,73.17650186,2.851264734,93.43341373,3.797460682,0,0,11.01582384,16.66230871,630
918.35,24.4,126.3,1.6105968,169,2.572481,0,0,16.22,42.53,631
922.18,24.01,146.3,0.9618842,95.6,1.5434886,0,0,14.65,14.05,632
918.73,12.2,184.1,5.59235,195.1,7.0910998,0,0,33.7,58.18,633
919.4074045,18.05359853,54.71052802,8.381485861,68.62703419,10.32079993,0,0,16.71937892,20.44289601,634
919.5613761,16.586511,55.9887825,6.971292337,69.14995648,8.514192559,0,0,17.41660863,21.40158687,635
919.48,2.64,311.4,3.5119958,133.9,5.2344396,0.27,310,41.76,50.7,636
916.7,9.89,171.7,6.4423872,199.8,9.1043458,0,20,80.15,64.2,637
922.2212036,20.96476574,53.37770601,16.90820368,72.38752025,21.44342788,0,0,9.870100982,6.467358677,638
922.69,20.65,55.2,9.6412114,83.1,13.1308378,0,0,7.49,6.52,639
922.99,13.2,41.2,9.283301,66.1,12.1018454,0,0,16.82,23.45,640
922.37,13.6,110.6,1.8790296,90.9,3.1764548,0.02,120,65.54,54.2,641
920.75,9.5,179.9,7.8740288,191.4,9.4846256,0.18,250,91.7,90.52,642
916.37,24.86,206.7,4.0488614,215.3,4.8317904,0,0,18.53,35.16,643
917.85,11.84,178.4,1.7000744,197.3,2.7066974,0,0,38.36,66.14,644
914.25,11.42,179,7.9635064,188.9,9.3727786,0,0,49.79,57.85,645
920.5677648,15.49280566,55.74994178,17.64193067,77.1206053,23.19415116,0,7.916181494,10.24746225,8.299674061,646
918.8465982,23.85445139,185.3958612,3.063335637,189.2442459,3.831911189,0,0,8.691746315,13.16324401,647
921.6893583,18.86129976,73.35507716,2.946745948,93.34630383,3.925093732,0,0,10.84552398,16.32780669,648
919.7627531,25.37341307,179.4192665,5.33070988,191.8554522,6.306343862,0,0,19.80702189,18.1239118,649
916.9,22.94,239.7,1.5211192,275.3,2.348787,0,0,35.33,42.02,650
920.2774169,23.53428747,199.5489821,4.599091431,211.7656778,5.582473139,0,0,10.93387416,10.96656163,651
915.47,18.3,174.4,1.2974252,219.9,1.9237684,0,0,50.28,45.16,652
919.18,23.8,51.7,21.3404076,76.1,26.3511532,0.01,138,9.19,5.36,653
926.61,19.43,40.1,7.8069206,64.7,10.737312,0,0,17.63,16.94,654
916.51,27.9,154.2,2.2145706,81.6,3.0869772,0,0,26.74,18.73,655
920.83,19.08,,15.4572554,189.4,16.4862478,0,0,23.77,51.63,656
915.4,21.02,177.4,3.8699062,186.6,4.7199434,0,0,10.79,21.77,657
919.2829423,17.40831107,44.92114613,4.419148423,80.74229227,6.230537572,0,0,16.25865948,17.3185992,658
924.0254996,15.61624532,54.03230641,18.82721552,71.65980432,23.47878185,0,10.52404247,12.90833003,13.35131297,659
917.04,5.63,171.3,12.415017,190,16.553356,0,0,83.25,91.68,660
918,24.3,181.7,4.9436374,193.4,6.151585,0,0,28.38,38.4,661
917.16,32.37,331.8,2.8185444,249.9,4.2949248,0,0,20.71,31.31,662
912.41,8.6,61.4,8.6345884,73.4,10.6478344,0.1,400,73.83,78.01,663
914.43,23.47,176.9,4.2054472,194.4,5.1897008,0,0,19.45,24.12,664
915.89,9.89,187.3,8.4780026,198.2,10.3570322,0.12,360,92.12,91.7,665
923.6682736,15.72272615,52.93314942,18.1894777,68.77451724,22.97934861,0,13.95890805,11.45538189,13.75319224,666
915,14.45,190.1,1.2079476,246.4,2.23694,0,0,73.28,58.09,667
920.02,23.64,199.7,4.6528352,211.8,5.6147194,0,0,10.73,10.6,668
917.3189871,23.37033762,177.1700401,2.643176606,190.1902975,3.28301697,0,0,12.95510614,13.55961808,669
910.92,9.09,156.5,,177.5,16.1283374,4.97,10560,80.56,88.22,670
921.37,16.1,42.5,21.5417322,53.6,25.6353324,0.01,50,11.98,10.23,671
922.4489447,22.70209634,,3.682369652,214.1961596,4.849449864,0,0,16.75367005,17.80472031,672
914.3,8.99,177.5,2.4830034,203.4,3.1764548,0,0,90.97,90.65,673
921.4598436,25.02960846,51.78235191,5.990086111,74.5180392,8.118863436,0,0,12.93258877,17.41352962,674
920.5981216,11.75273757,44.82549729,5.349240348,73.4216297,7.247049116,0,0,19.31840056,18.94946415,675
914.1543889,27.50569422,125.4532936,2.651553969,141.8370439,3.416936676,0,0,20.23164433,23.63484984,676
922.357267,23.53261773,166.889017,4.179192563,209.9591329,6.903574224,0,0,12.49026787,12.72432904,677
917.3,21.16,183.7,2.6395892,201,3.4225182,0,0,36.38,44.27,678
914.79,9.04,218.6,5.6147194,171.1,8.0082452,0,0,90.89,62.53,679
918.94,20.45,248.2,3.35541,59.7,4.5409882,0,0,25.98,39.98,680
913.5,20.13,181,3.1093466,190.8,3.7580592,0,0,50.48,53.12,681
921.11,5.13,197.1,17.7613036,114.7,20.356154,0,0,89.84,76.97,682
923.4,5.94,192.9,2.572481,87.3,3.467257,0,0,72.57,64.21,683
921.32,15.93,110,4.0936002,54,4.8988986,0,0,23.77,23.88,684
920.92,23.45,60.9,8.4556332,76.3,10.6702038,0,0,15.74,18.9,685
916.62,8.29,186.6,8.3661556,192.5,9.5741032,0,0,70.61,77.31,686
912.39,5.29,35.3,3.8475368,50.5,4.5633576,6.025,14342,86.74,92.11,687
918.9445621,16.86306295,165.6275666,3.512705065,189.1214407,4.657631348,0,0,23.29704941,21.58113899,688
916.28,22.05,185.2,4.026492,200,4.7423128,0,0,43.06,42.05,689
913.66,26.78,146.6,2.3040482,145.3,3.0646078,0.01,30,28.26,48.96,690
921.34,21.12,100.1,2.23694,148.2,3.3106712,0,0,6.29,10.46,691
919.5,20.41,228.7,4.138339,247.3,5.4133948,0,0,15.03,22.06,692
917.9,24.89,154.1,2.5501116,199.4,3.4001488,0,0,30.31,43.51,693
925.3,21.37,64.6,6.7331894,72.3,7.941137,0,0,13.23,19.59,694
915.97,17.63,205.7,2.3935258,220.3,3.0869772,0,0,87.25,61.89,695
918.4,25.79,257.4,1.7671826,277.4,2.3040482,0,0,28.73,26.18,696
922.2,7.6,285.7,2.2816788,281.5,3.3106712,0,0,20.11,32.18,697
919.78,18.61,184.3,2.3040482,81.3,2.8409138,0,0,36.24,63.5,698
919.8881282,20.38212339,228.5177299,3.96085768,247.9540281,5.185547159,0,0,14.49283919,20.98675056,699
916.04,16.74,50.2,3.7580592,63.9,4.6752046,0,0,26.11,29.46,700
921.36,10.25,218.5,9.0148682,229.2,10.4688792,0.22,1070,80.6,60.38,701
914.9,12.19,164.5,4.0041226,185.2,4.9883762,0,0,75.77,59.58,702
922.4126587,17.78807607,127.9816953,3.250916119,102.5527878,4.844723245,0,0,15.98261038,14.8223526,703
916.03,16.95,186.5,6.2186932,191.8,6.822667,0,0,31.85,53.59,704
911.9,15.04,199.8,1.2750558,239.5,1.8342908,,0,77.63,59.13,705
917.44,18.21,34.6,19.1705758,62.4,25.8590264,0.119,681,13.31,8.56,706
918.3268845,23.53501141,70.44776604,3.751717266,101.9168388,5.206253515,0,0,10.44641484,14.41069359,707
909.19,8.05,111.3,2.7738056,29.5,3.8922756,0,10,48.85,36.54,708
921.0566467,14.49177261,60.32354005,4.203757727,71.91681801,5.01394453,0,0,21.93489479,22.4310849,709
916,14.52,178.6,11.4531328,188.5,13.8466586,0,0,36.26,60.81,710
919.7,24.56,31.2,1.0737312,74,1.5211192,0,0,15.24,21.32,711
915.89,28,210.7,0.9171454,220.5,1.4316416,0,0,22.98,45.72,712
921.1602913,23.99412096,225.5375403,2.17327441,250.6381519,2.917762771,0.035138441,263.5383054,43.57119848,20.19766264,713
921.35,16.56,64.9,7.605596,79.6,9.5964726,0,0,18.47,18.6,714
923.6,18.35,62.3,7.0910998,75.1,8.4108944,0,0,20.86,28.94,715
920.7012114,23.25173971,61.19171814,8.236906106,76.45666344,10.3825958,0,0,15.90260585,18.96374582,716
916.3,23.29,223.6,1.5882274,240.1,2.3040482,0,0,13.67,48.02,717
919.3,17.56,171.9,4.1830778,194,5.7489358,0,0,18.53,20.02,718
923.9,17.05,95.4,2.9527608,74.1,4.6304658,0,0,30.84,32.36,719
913.7,37.17,192.7,2.125093,53.4,3.35541,0,0,11.49,30.02,720
921.17,21.29,52.1,17.6941954,70.5,22.1904448,0,0,9.42,5.3,721
923.349127,9.228422739,46.68734576,14.14179401,67.6011823,18.17721691,0,17.94465382,17.20328308,14.74368321,722
917.01,11.02,130.2,1.6105968,159.9,2.348787,0,0,70.01,65.41,723
920.7374477,21.62241954,41.53551279,5.544515244,64.37374709,7.380194375,0,0,10.10008289,18.43423832,724
917.4,21.52,187,1.1855782,220.7,1.7224438,0,0,39.45,49.96,725
920.86,5.63,177.4,8.3214168,192.6,10.5807262,0,0,92.31,76.94,726
920.9352433,18.2690035,47.92704625,15.0116453,64.31886125,18.62760708,0,0,9.895457057,10.04502993,727
917.8287728,27.13102064,117.27339,2.774862772,46.80317197,3.597287633,0,0,20.13330499,17.88519538,728
916,27.51,98.4,1.7000744,99.6,2.5053728,0,0,21.36,33.28,729
923.8916608,13.88159993,51.38338334,13.33987076,67.7590757,17.4962426,0,0,17.60882962,19.52606277,730
922.9701665,10.77324832,33.81094226,,59.29008856,11.11155532,0,4.735033634,34.80775347,18.41817887,731
913.5,13.52,221.9,2.2145706,254.4,2.9527608,0,0,74.33,62.03,732
916.18,9.76,181.6,7.2476856,191,8.9253906,0,0,83.62,49.95,733
918.2739689,13.10199266,47.85212764,6.503472883,63.63130116,7.912205077,0,0,24.38384619,22.63757766,734
913.49,18.55,172.3,2.6395892,187.5,3.4448876,0,0,51.06,56.05,735
910.57,8.09,181,15.65858,190.8,18.8126654,0.01,20,89.88,81.53,736
917.8951297,24.89149449,104.7710204,1.632704934,97.17876295,,0,0,13.77131052,16.79245463,737
922.352876,20.77711706,69.95425257,6.147785059,91.61745076,7.738438622,0,0,12.7296686,13.06896176,738
919.1,30.89,275.7,2.1027236,133.6,3.2659324,0,0,14.57,39.36,739
917.21,28.19,171.6,2.7738056,204.3,3.6238428,0,0,24.62,33.86,740
916.8245105,30.37589133,118.6664371,2.359806477,45.91920387,3.17288152,0,0,18.15816846,16.16307462,741
917.1,16.39,189.1,3.7356898,197.5,4.3396636,0,0,32.68,52.19,742
917.07,8.39,162.2,4.5409882,184.1,6.487126,0,0,69.87,82.61,743
920.1,14.9,134.5,1.7224438,137.8,2.6619586,0,0,54.67,63.48,744
916.48,22.29,170.6,4.697574,182.7,5.8607828,0,0,36.26,46.5,745
924.51,22.17,196.7,6.6437118,217.9,8.276678,0,0,15.81,18.04,746
920.1,7.7,141.3,1.5211192,180.6,2.23694,0.239,1786,72.66,63.14,747
913.05,10.03,174.3,5.5028724,188.6,6.7779282,0,0,58.79,57.81,748
919.17,26.66,167,5.0778538,183.7,6.6437118,0,0,22.24,43.81,749
921.1593821,19.13101586,207.4289011,2.868671135,232.3911204,3.823486295,0.469525894,1455.972373,44.42683702,21.03831789,750
924.46,11.92,179.3,3.8922756,201.6,5.2120702,0,0,25.21,27.66,751
920.7591399,19.27086013,197.9342196,4.171357793,210.5176416,5.050586421,0,0,13.59904279,14.4090867,752
918.21,9.92,89.5,5.5476112,99.6,8.9924988,0,0,18.09,14.06,753
914.0271982,22.89944326,219.4332582,1.500595219,125.443514,2.203273713,0,0,25.56141102,23.64085766,754
921.264866,24.65157559,226.3566991,1.909191129,249.387781,2.580273129,0.039732047,293.0332248,47.02509101,20.04530549,755
921.31,16.3,48.1,7.7845512,55.8,9.1043458,0,0,35.42,36.21,756
914.9,23.9,167.2,4.1830778,180.7,5.3910254,0,20,38.72,42.74,757
919.37,18.41,54.4,8.724066,68.5,10.7596814,0,0,16.55,20.21,758
914.46,24.93,113.6,1.2974252,132,2.0803542,0,0,56.39,45.55,759
919.9018072,22.76798392,56.40546185,6.80400791,73.66729587,8.417063264,0,0,12.52558362,16.95525969,760
924.5712602,15.78957792,161.7688273,1.995469162,167.0977389,2.984585085,0,0,10.01870967,13.29026528,761
917.4852324,28.68720789,199.3531854,1.670929847,94.16482241,2.688247598,0,0,18.99148033,19.10960194,762
919.43,15.88,77.6,2.1474624,96.1,3.7580592,0,0,21.42,29.24,763
914.21,18.04,99.1,11.967629,110.7,14.1598302,0.008,34,44.44,42.95,764
923.8,12.85,55.2,3.019869,47.1,3.8475368,0,0,69.07,62.76,765
917.9,10.77,219,5.5699806,240.8,6.9792528,0,0,69.06,85.73,766
915.22,22.94,148.3,1.789552,198.5,2.908022,0,0,41.4,56.93,767
923.47,11.7,29.9,4.4291412,60.7,6.4647566,0,0,31.8,42.28,768
920.8111689,23.60220733,204.4837355,4.456796087,220.8889544,5.602233307,0,0,21.98094551,21.30294192,769
921.05,16.36,189,8.7911742,197.3,10.289924,0,0,27.63,58.26,770
920.8277336,16.76890657,66.06439726,7.437057441,80.09658119,9.328343075,0,0,16.80217215,18.62568523,771
915.5769393,23.19635298,182.3893021,9.333401902,193.3815218,10.89469134,0,0,31.6299773,15.69153892,772
915.7,22.55,186.2,3.4001488,196.8,4.1159696,0,0,32.72,31.78,773
922.73,22.35,67.9,6.5318648,92.2,8.3214168,0,0,13.07,13.21,774
919.11,12.87,201.5,3.802798,235.2,4.7423128,0,40,25.98,28.82,775
920.8976623,19.18265887,198.1221801,4.079293338,210.7152488,4.842643817,0,0,13.38270966,14.4952428,776
916.5,29.77,121.1,1.2974252,80.6,1.7448132,0,0,15.92,20.77,777
916.3,20.43,67.6,4.1159696,79,5.1897008,0,0,42.5,51.96,778
921.55,7.41,183.5,7.0239916,193.2,8.2990474,0.53,2940,91.1,78.82,779
916.2,29.16,42.8,4.5633576,63,5.7489358,0,0,19.4,38.45,780
918.4,14.2,163.5,3.1540854,211.5,4.362033,0,0,27.19,21.15,781
919.3224913,22.33854031,181.438639,2.716911681,186.7866077,3.355286711,0,0,12.34120722,17.93124055,782
916.2,28.23,55,6.9568834,91.5,9.4398868,0,0,48.92,39.21,783
919.7,22.23,178.8,5.3015478,196.2,6.7779282,0,0,36.73,45.62,784
915.1,13.91,186.9,4.1159696,201.6,4.9436374,0,0,90.93,90.66,785
920.51,8.88,133.4,2.013246,151,3.3106712,0,0,90.39,77.28,786
919.8715514,18.70415663,81.66297793,3.842941803,91.13943922,5.037385576,0,0,13.53828952,13.12639448,787
917.9234418,22.91650963,42.10173864,4.132697506,64.28496916,5.345257827,0,,6.939691553,18.793825,788
922.5429891,19.94780968,198.4842334,4.28088479,208.6097621,5.262384454,0,0,11.50187879,15.56599132,789
922.31,14.97,200.8,3.5343652,223,4.6528352,0.75,3910,47.96,49.91,790
921.5575399,17.91699179,65.21929219,10.9268002,81.51575311,14.07831267,0,0,14.27929006,17.96141563,791
917.9,28.27,46.8,3.8922756,77.4,5.1225926,0,0,41.67,34.96,792
921.72,15.45,51.1,19.5061168,65.6,25.3668996,0.01,60,10.68,8.03,793
919.9075787,17.69913588,74.02888669,7.894795237,81.75605009,10.31704128,0,0,11.94515746,18.27451897,794
921.24,22.1,216.4,1.6105968,171.4,2.572481,0,0,16.83,24.38,795
918.4,10.89,209.6,2.572481,228,3.2211936,0,0,87.99,59.26,796
920.7362227,5.946175583,146.668859,8.07323772,168.0068206,10.44128817,1.302200461,3662.002663,34.11027705,22.92345708,797
918.13,9.62,308.1,10.2004464,184.4,13.086099,0.04,200,88.48,81.4,798
917.65,28.02,108,2.2145706,62.8,2.8409138,0,0,7.13,17.61,799
919.88,16.39,192.2,10.9162672,201.7,12.5716028,0,0,20.22,30.42,800
916.76,30.56,119.5,2.3711564,44.6,3.1988242,0,0,19.02,16.05,801
918.7,8.77,189.4,2.3264176,202.1,2.8185444,0.12,410,91.71,78.34,802
925.3050897,13.94062758,52.66310334,15.40276692,68.35462045,19.95316567,0,3.579311096,17.85122729,18.45364842,803
920.14,17.81,50.4,4.2054472,62,5.0107456,0,0,23.78,28.51,804
918,19.31,171.6,5.704197,180.3,6.7555588,0,0,54.21,39.57,805
920.35,8.26,181.3,7.4266408,193.7,9.2385622,5.56,5820,91.24,90.67,806
916.3,28.34,198,4.362033,210.9,5.4357642,0,0,35.42,38.79,807
916.51,24.15,137.7,1.0513618,180.5,1.6105968,0,0,26.94,37.42,808
917.4,20.71,169.1,1.5882274,174.5,2.2145706,0,0,22.24,26.37,809
920.225446,24.02231624,213.6276416,3.016165034,222.4786179,3.871704661,0,0,23.27741773,21.89759191,810
921.591558,14.86363807,90.52730392,2.774969759,57.17921569,3.417291363,0,0,23.87597386,24.07207761,811
915.47,26.41,68,2.9974996,88.4,3.8475368,0,0,44.79,35.68,812
917.01,5,150.4,3.914645,55.4,6.151585,2.69,6440,65.34,45.22,813
912.06,11.13,186.3,2.348787,141.2,3.1540854,0,0,88.01,62.81,814
914.8,21.83,69.1,2.0803542,61.5,2.908022,0,0,24.38,25.97,815
921.2694426,12.31009399,50.73550454,4.925063874,65.81127139,6.259874088,0,0,19.66515337,23.06873515,816
920.1920294,19.62500712,152.7577049,1.224716693,136.3659078,2.066353433,0,0,14.00975348,20.44656233,817
921.4,17.25,223.2,1.3197946,185,1.8790296,0,0,40.7,36.12,818
921.52,15.12,48.8,14.7861734,63.4,18.119214,0,40,18.94,15.51,819
921.9752196,19.62276294,55.76784829,16.96224014,70.63471916,20.99143952,0,0,15.99216387,11.13959641,820
915.9,20.63,115.2,1.9908766,110.3,2.7738056,0,20,71.73,65.87,821
916.2303005,17.06711269,46.65157796,9.514091966,66.39413454,12.09017225,0,0,28.27236211,11.38499204,822
916.1,20.84,189.6,7.4713796,197,8.5674802,0,0,30.25,52.6,823
917.7,15.24,90.2,1.6553356,120.8,2.348787,0,0,23.57,27.06,824
921.559754,21.63659271,166.2129201,3.975136621,210.3031235,6.396812114,0,0,15.45263103,14.41557484,825
919.85,25.2,235.2,1.8790296,222.8,2.5053728,0,0,43.76,35.45,826
920.7366407,20.85115387,183.1266552,4.019666294,189.5552215,4.802682416,0,0,14.59236486,18.84904451,827
915.14,15.45,168.8,6.4423872,176.5,7.5161184,0,0,41.07,39.39,828
918.26,9.94,72.7,4.4291412,109.2,7.3371632,0.02,167,35.18,77.32,829
921.4142774,16.98027553,64.99888836,8.634210067,80.19333016,10.98454857,0,0,17.17209029,18.40222328,830
916.63,27.37,128.1,1.006623,135.3,1.5882274,0,0,23.33,48.8,831
918.88,15.82,42.5,9.5964726,31.8,14.4058936,0,0,89.9,79.45,832
915.6256331,25.16729819,209.2222797,1.760152838,233.5223731,2.398142398,0,0,20.40600856,23.68297841,833
921.5915674,15.23808615,49.62302467,16.47514291,64.18724099,20.71270273,0.003578368,47.15673629,15.98426791,12.83338063,834
919.12,26.3,167.2,1.4987498,168.8,2.125093,0,0,35.09,30.86,835
924.11,12.88,212.3,3.6685816,226.6,4.6752046,0,0,48.68,44.04,836
917.94,8.12,208.2,4.6752046,221.4,5.5476112,0,0,85.75,80.93,837
918.57,24.47,209.2,3.131716,222.7,3.9817532,0,0,25.72,23.28,838
917.41,26.66,166.9,4.8765292,176.9,5.8831522,0,0,26.1,26.17,839
918.0437667,,181.7740415,0.96437611,185.6186008,1.57000733,0,0,11.91122248,18.15435776,840
918.37,22.74,184.5,2.013246,186.7,2.7738056,0,0,8.81,16.03,841
920.2171056,13.69213212,73.92055451,3.992825728,63.77618689,4.798595788,0,0,22.91472429,22.46006195,842
919.2886585,25.19417461,165.8749224,1.420641655,198.5485033,1.969476867,0,0,19.44743016,22.84121232,843
921.4,24.02,60.9,4.026492,76,4.921268,0,0,15.06,45.82,844
921.6133725,20.36609587,70.70355546,2.248931575,96.8447012,3.043049121,0,0,12.38320679,19.40873667,845
916.45,7.79,194.8,5.144962,207.8,6.1739544,0,0,78.01,73.7,846
916,16.12,180.6,5.9055216,194.8,6.934514,0,0,50.77,38.36,847
915.25,3.09,246.5,11.5873492,258.7,,3.171,2891,91,90.78,848
920.9797793,21.92977329,37.72825185,2.727453902,64.73351975,3.778071804,0,0,20.82159782,18.87896988,849
920.9861865,13.92980277,71.73927129,2.821004591,63.47423762,3.425700413,0,0,21.90585188,23.90173941,850
921.6204731,24.09201324,178.0610914,1.886436685,203.3569907,2.425440266,0,0,13.17181298,20.54549722,851
919.72,23,109.9,1.8566602,83.7,2.572481,0.01,80,56.8,85.96,852
917.3,22.88,178.6,4.6752046,183.7,5.256809,0,0,36.57,43.62,853
920.1,11.65,43.3,5.3910254,77.5,7.4490102,0,0,19.06,17.15,854
921.0380775,10.75278224,46.52749516,16.54189347,59.7337275,21.03101747,0,19.02647628,11.59549903,14.27388591,855
919.55,4.18,212.4,12.3926476,217.1,13.5111176,5.06,10329,91.7,79.38,856
916.2583087,23.66278522,181.8524297,8.768240115,193.1880373,10.23926855,0,0,29.66692448,16.24050487,857
919.33,12.19,163.9,1.6105968,203.9,2.2816788,0.21,610,72.67,67.58,858
920.6676177,20.21963459,196.1648157,4.146405853,212.3535981,5.489133822,0,0,15.91576507,15.25344497,859
917.8957324,23.79517564,282.2971898,1.937641569,229.2786618,2.64280279,0,0,17.07665439,20.02877707,860
919.0654084,,172.3037278,2.639599713,193.0581408,3.326949412,0,0,12.49783852,13.43851828,861
918.1749556,22.90082605,183.610324,1.645833346,186.2209437,2.352811934,0,0,9.723628837,16.87177039,862
917.4474729,24.27794558,147.9501806,2.64351687,50.84804773,3.849548346,0,0,25.78832296,19.06379717,863
922.82,12.83,59.9,2.7514362,75.8,3.4448876,0,0,35.21,44.71,864
920.71,10.23,45.7,16.2849232,58.4,20.7588032,0,20,11.43,14.38,865
925.1728084,22.2695408,229.8498258,2.620778064,222.4415368,3.473218344,0,0,15.34482926,17.95956978,866
914.49,25.41,44.8,9.506995,54.3,10.8715284,0,0,23.11,48.49,867
923.77,22.1,197.5,3.8699062,211.3,5.144962,0,0,13.7,15.94,868
,7.28,259,3.2659324,275,4.026492,0,80,85.27,90.26,869
916.42,8.09,168,7.0239916,182.9,9.4622562,0.573,1105,85.63,70.18,870
917.61,20.72,228,2.0356154,263,2.6619586,1.8,5510,66.77,54.62,871
918.2,31.78,225.5,1.1855782,265,1.7671826,0,0,26.57,29.36,872
916.69,26.23,18.4,1.6553356,66.4,2.4830034,0,0,21.47,33.31,873
911.27,15.46,218.3,2.2593094,235.9,2.9751302,0,0,86.73,54.06,874
918.1250622,20.13563876,54.66225551,16.25091168,73.23721105,20.70474611,0,0,16.83697237,10.376058,875
918.46,26.36,177.9,2.9303914,187.6,3.4896264,0.05,140,29.46,35.78,876
916.0291752,30.63121281,211.4883593,1.57681889,110.2922395,2.589369955,0,0,12.62275271,14.96107362,877
925.2776612,19.14809699,49.4049391,11.22885388,77.8993463,15.34401109,0,0,13.93273829,13.77074086,878
916.4,8.91,264.7,4.026492,299.2,5.8607828,0,0,44.62,72.59,879
911.6,5.91,292.8,1.9685072,247,2.6619586,17.616,8330,90.23,82.03,880
915.29,10.34,153.8,4.4515106,185.3,7.2029468,0,0,62.46,60.04,881
923.860559,14.5961193,53.28214924,14.09544371,69.92717605,18.39146099,0,0,19.31229133,17.23931591,882
918.6,17.99,177.1,2.460634,190.7,3.0646078,0,0,34.98,57.27,883
918.84,20.53,45.8,3.8922756,82.5,5.5699806,0,0,14.74,17.41,884
919.39,19.48,170.8,5.4581336,190.5,6.8674058,0,0,20.18,25.14,885
918.7,20.79,161.1,0.782929,193.6,1.1855782,0,0,18.18,17.56,886
913,11.29,174.8,5.9502604,184.5,7.270055,0,0,79.91,77.89,887
915.82,16.94,45.3,8.5674802,65.3,11.1399612,0,0,29.92,10.78,888
920.7911244,15.04323203,55.83557485,17.7440939,77.4560015,23.3713405,0,8.629790423,9.690133679,8.166229191,889
913.93,27.64,120.9,2.908022,141.1,3.7356898,0,0,20.42,24.29,890
920.28,23.35,120.9,2.23694,119.8,2.8856526,0,0,13.48,10.37,891
916.26,20.56,68.6,2.7066974,79.5,3.2659324,0,0,42.79,51.14,892
920.8629104,23.34147611,210.7392472,1.573645191,254.0067445,2.324653549,0,0,12.01012198,19.30666431,893
915.1048528,27.03390657,214.4076574,1.53536419,116.8430014,2.41188754,0,0,18.80534566,18.94684292,894
919.2351526,18.86172913,194.3433329,2.942018686,216.5697924,3.658810375,0,0,14.07350355,17.76664624,895
914.96,19.32,172.7,4.9883762,183,5.816044,0,0,27.4,45.19,896
916.83,18.33,189.4,9.0819764,195.5,10.4465098,0,0,24.86,45.98,897
922.6501405,15.45100096,194.3272817,4.466058582,102.3968504,6.912014498,0,0,21.48645133,18.18336406,898
916.08,16.27,155.4,1.9685072,191.4,2.684328,0,0,62.12,55.56,899
921.7270335,16.24978746,56.50145114,10.2417653,76.77391164,13.12279004,0,0,17.91855208,15.08185951,900
914.6210615,23.55752332,176.9893855,4.27043096,194.3180633,5.256350811,0,0,19.47756053,23.92037235,901
920.3404306,19.60067923,196.6933746,4.639243804,209.0231593,6.060625339,0,0,15.25367544,13.75295587,902
923.394624,16.79502179,44.93116628,15.00517547,63.52097477,19.2648777,0,0,10.9409164,10.65816881,903
920.6989015,10.53600196,45.11336413,16.04374939,59.43057653,20.54954946,0,18.41449765,12.64766581,15.34081443,904
917.1,6.44,211,8.276678,220.8,9.4398868,0,0,92.34,88.73,905
925.2785355,14.49709236,52.60620283,18.25424942,68.40239058,22.74210607,0,10,14.55166707,17.36374555,906
918.6,30.8,40.9,3.4001488,53.5,4.4067718,0,0,12.11,12.52,907
918.6,4.6,163.8,3.1540854,198.2,4.5186188,0,0,39.77,44.82,908
918.3215747,22.12841201,144.0325915,2.648180251,39.77126235,3.862571139,0,0,23.1792593,18.95075085,909
917.33,22.89,106.6,1.3869028,147.7,2.013246,0,0,36.7,49.75,910
917.18,9.55,146.5,1.565858,150.5,2.3264176,0,0,91.11,66.57,911
919.9,21.38,46.1,21.0496054,65,26.7985412,0,32,15.72,9.5,912
921.17,20.86,37.1,2.348787,65.1,3.3330406,0,0,18.97,17.79,913
921.3,7.91,231.1,3.3330406,253,4.809421,0,0,73.93,86.91,914
925.29,20.2,39.9,14.0703526,55.9,19.5284862,0,0,13.99,12.28,915
918.8455663,26.79409626,189.1592764,1.915898906,77.4913211,2.969309058,0,0,24.9724584,23.03597591,916
920.7675706,10.78441742,35.92276845,10.32725349,61.52130794,14.14616965,0,0,39.18913674,13.98359457,917
915.07,14.47,186.2,7.6950736,195.6,8.9924988,0,0,55.2,47.93,918
918.67,22.22,177.2,2.7290668,197.3,3.5567346,0,0,32.59,43.92,919
920.4238629,21.58892111,198.9739544,4.388915618,211.3008436,5.25944304,0,0,11.95066421,12.39242514,920
920.8284136,21.0087574,48.63164271,12.81653165,65.17669767,16.25620666,0,0,13.93604113,13.19365455,921
913.77,9.68,175.8,12.5716028,185.3,15.3677778,0,0,83.06,78.72,922
918.68,18.26,115,1.2750558,149.8,1.789552,0,0,90.67,57.55,923
922.17,17.84,68.8,6.1068462,93,8.6569578,0,30,9.71,11.68,924
916.07,25.37,198.1,2.3264176,216.7,3.0646078,0.39,900,28.45,37.8,925
920.3001675,19.41839456,49.23856871,21.41819687,62.80300191,25.81563062,0,38.27713741,13.02867733,7.94640849,926
919.73,19.51,206.3,2.5053728,229.8,3.2659324,0,0,64.08,50.93,927
915.5,21.16,178.9,5.9502604,190.6,7.1358386,0,0,35.59,45.85,928
920.65,11.01,34.9,10.0214912,60.9,13.8019198,0,0,39.95,13.65,929
914.83,29.7,120.5,1.4316416,132.8,2.23694,0,0,18.15,22.28,930
917.81,23.2,213.4,1.6105968,239.7,2.1474624,0,0,30.67,41.25,931
912.9,2.8,303.7,4.2725554,291.5,5.8607828,22.022,9974,92.62,72.31,932
919.4,25.41,200.2,0.9842536,254.4,1.7000744,0,0,13.3,24.01,933
915.01,15.89,179.8,6.3529096,194.5,7.6727042,0,0,51.96,44.95,934
922.9,21.71,151.8,3.1540854,182.4,4.3844024,0,0,23.79,19.23,935
915.13,16.75,180.2,3.7356898,197,4.4962494,0,0,73,56.37,936
920.6323544,25.56840014,55.38466456,11.41455531,72.6037786,14.56586307,0.01,84.71921859,8.471749806,7.362581098,937
919.4911333,20.44755291,228.8017058,4.126234313,247.1904707,5.396914925,0,0,15.06324997,22.04389658,938
917,25.48,234.7,1.1632088,250,1.6105968,0,0,30.82,42.98,939
918.79,16.56,162.9,3.2211936,187,4.1830778,0,0,25.37,22.26,940
920.41,18.88,50.1,21.5193628,62.2,25.5458548,0,40,12.29,7.52,941
920.9927573,17.49195682,163.5691232,1.401010393,195.1285049,2.01407028,0,0,13.92370185,16.36071157,942
911.68,17.15,180.2,11.0057448,186.9,12.7729274,0,0,26.26,44.59,943
920.18,11.83,60,5.2344396,41.2,6.3529096,0,0,80.15,53.14,944
919.7,22.46,241.6,1.342164,287.6,2.0803542,0,0,48.59,52.12,945
923.0518734,20.10795684,227.295374,2.474477801,253.5667434,3.276845526,0,0,10.14553395,12.15540564,946
922.4,8.72,170.7,2.5277422,172.1,3.5119958,0,0,88.26,78.84,947
915.39,21.9,183,2.1698318,207.7,2.684328,0,0,40.34,36.58,948
914.8,19.81,193.3,1.6105968,221.2,2.23694,0,0,30.27,48.12,949
920.971398,20.14101271,192.1543755,2.248278623,221.680187,3.125880545,0,0,18.64205295,20.51159597,950
920.8443244,20.96990558,48.75744861,12.90095773,65.01389003,16.30421365,0,0,14.15768153,13.25729753,951
922.18,21.17,62.1,3.6238428,72.9,4.0488614,0,0,16.12,22.85,952
914,23.03,173.7,4.5409882,181.1,5.2791784,0,0,33.74,51.9,953
924.29,16.85,43.1,2.3040482,61.8,2.8632832,0,0,35.77,56.68,954
918.8942298,18.18579139,171.5277527,2.882002313,191.2589731,3.688615166,0,0,10.86279645,18.73681441,955
918,27.98,109.4,1.8119214,162.4,2.6395892,0,0,26.92,32.63,956
923.12,20.15,227,2.4830034,253.4,3.2883018,0,0,10.02,12.05,957
922.8727888,17.09967129,45.45201867,14.98319216,63.6192488,19.11978784,0,0,10.44856349,10.31224421,958
916.14,28.9,37.5,2.5053728,48.7,2.908022,0,0,13.74,17.45,959
919.0095905,16.99056963,166.7751267,3.635351726,190.0139874,4.857288702,0,0,22.42490372,21.29552402,960
920.0956776,12.11129454,212.8484052,4.366221857,223.0099597,5.131371245,0,0,19.8175519,17.25880526,961
919.0907964,23.83445516,221.1987087,2.015850863,243.4573064,2.694086104,0.027208881,204.0666078,39.68863741,21.02724511,962
924.67,15.51,163.2,1.7448132,165.6,2.6619586,0,0,9.9,12.73,963
914.97,19.47,191.9,3.2883018,203.2,3.8475368,0,0,26.47,48.9,964
917.7350114,27.65740859,123.9885434,2.237281703,45.14859975,3.009168379,0,0,17.41160528,16.47641162,965
922.6,15.18,165.3,1.8342908,196.2,2.5948504,0,0,10.94,15.52,966
918.1087301,19.23318067,207.6021735,2.913576002,114.6935923,4.442629454,0,0,23.80606401,21.16905026,967
916.32,21.12,192,3.6238428,201.4,4.362033,0,0,66.79,63.5,968
920.8239102,19.20608976,198.0053959,4.128369218,210.5959355,4.956648424,0,0,13.52217246,14.46958649,969
916.99,23.93,73,4.6080964,99,6.375279,0,0,8.83,9.13,970
919.7,23.23,227,1.4092722,255.4,1.901399,0,0,33.59,35.58,971
922.5720648,15.92870214,139.8773847,3.052598233,145.6403145,4.794793953,0,0,18.93901661,19.72234023,972
922.12,13.1,51.9,14.2940466,72.2,19.01399,0,0,19.19,17.75,973
920.61,18.35,191.2,2.5501116,194.7,3.7580592,0,0,20.03,24.35,974
915.6,20.67,178.7,2.572481,183,3.243563,0,0,38.57,46.66,975
917,7.02,174.2,10.0885994,186.7,12.7281886,0.76,1500,91.8,89.93,976
919.2879854,24.83790759,166.7974124,1.302947414,199.3061122,1.814130286,0,0,19.35192879,23.11818221,977
917.64,25.47,186.9,3.6238428,194.8,4.1159696,0,0,30.76,28.12,978
920.7155319,17.11988417,116.1312809,3.872760504,51.28075961,4.771044039,0,0,24.05231604,23.06942388,979
920.091803,24.25780471,90.88091145,1.154953712,91.80116617,1.751028257,0,0,13.83389187,16.78209964,980
919,17.48,96,0.782929,105,1.230317,0,0,28.43,34.91,981
922.3027742,20.57121224,197.8078096,3.973188946,210.9921904,4.984299951,0,0,13.55635551,15.22690772,982
921.5,17.22,74.6,5.2791784,90.3,6.4200178,0,0,11.96,12.75,983
921.86,3.66,209.9,3.579104,172.2,4.3396636,18.08,15800,81.82,63.97,984
919.7,25.85,187,4.9436374,193.8,5.7265664,0,0,8.48,8.03,985
916.04,11.01,177.8,4.0936002,189.8,4.7646822,0,0,77.49,65.86,986
926.52,18.62,56.9,17.4928708,67.4,20.7140644,0,0,15.48,12.73,987
916.1,28.03,180.7,3.5567346,210.8,5.3015478,0,0,19.34,13.48,988
918.3000615,13.01211197,89.96698563,4.853685835,96.19767615,7.462878372,0,0,18.94058096,14.15673274,989
920.8027258,22.71722261,99.39920763,2.014859014,147.0904121,2.997145103,0,0,6.929473039,9.572329663,990
919.721008,21.24165836,118.161587,3.325509791,161.6760028,4.964459921,0,0,18.78337755,15.67259273,991
913.64,23.62,219.4,1.8566602,229.3,2.2816788,0,0,37.53,53.17,992
921.6458395,18.74164339,266.1396558,2.024552486,232.5115472,2.564244708,0,0,11.27919212,22.06132947,993
917.73,24.52,85.9,4.2949248,42.8,5.9502604,0,0,38.52,46.08,994
917.35,25.42,40.5,2.0579848,96.7,3.8699062,0,0,26.39,27.33,995
920.02,21.73,92.7,3.4001488,66.6,4.8317904,0,0,48.22,42.53,996
921.8625068,16.33704857,75.15249655,2.550631821,62.95188101,3.070345507,0,0,21.63027016,23.78131327,997
914.14,21.8,,1.7224438,232.9,2.3264176,0,0,24.2,41.38,998
916.86,26.29,96.2,1.7671826,134.7,2.572481,0,0,38.77,39.43,999
919.31031,24.48005487,273.1101329,2.081832283,206.1544909,2.688532415,0.01766519,23.55358711,20.31695475,23.52462533,1000
922.3553592,15.45525162,53.39670022,14.1928163,70.52284112,18.02247012,0,0,19.41309619,16.49931661,1001
919.71,6.49,210.3,5.0107456,225.4,6.5766036,0.01,200,82.15,60.98,1002
918.66,14.04,286.3,3.9370144,312.2,5.480503,0,0,46.56,43.99,1003
923.5212962,21.98579367,40.15437859,4.729387099,64.91751436,6.516347079,0,0,16.24878385,15.67297888,1004
919.46,22.12,56.7,8.8135436,74.6,11.1623306,0,0,10.4,16.43,1005
915.6441391,27.96384417,117.9547618,1.563611187,135.1935352,2.399074064,0,0,19.83390259,22.35416588,1006
920.396217,22.34469074,226.9929199,3.077606869,249.1019178,4.066264993,0.018967556,142.2566718,30.43639756,21.05471952,1007
916.66,13.52,179.8,3.579104,203.2,4.2725554,0,0,77.48,49.09,1008
910.45,8.79,171.9,14.428263,188.7,18.0744752,0.01,75,91.79,91.64,1009
923.02,15.83,274.7,1.9237684,233.3,2.4382646,0,0,7.81,23.03,1010
916.84,12.93,51.7,4.9436374,71.9,6.2410626,0.01,110,20.92,31.62,1011
923.9533869,15.63774046,53.81042108,18.69847625,71.07735535,23.37796194,0,11.21743411,12.61502537,13.43243979,1012
913.65,18.71,166.1,8.8806518,182,11.967629,0,0,42.44,62.94,1013
919.76,18.23,214,4.2949248,232.1,6.1292156,0,0,31.49,62.49,1014
919.4,26.21,150.1,2.4158952,180.7,3.579104,0,0,35.4,48.77,1015
922.6928576,17.0705946,60.40558539,7.659790564,76.34713518,9.662589501,0,0,25.0485079,20.44003606,1016
924.79,20.17,56.5,14.987498,77,19.6179638,0,0,10.97,9.32,1017
919.97,17.88,185.5,0.7381902,215.2,1.3197946,0.01,10,32.7,44.24,1018
922.2732645,20.43842658,57.18750785,9.583844486,82.33064212,12.77229459,0,0,7.522056578,7.30218051,1019
918.7,23.58,181,0.9171454,127.6,1.342164,0,0,12.72,15.13,1020
919.242813,16.36095689,259.3089712,1.818527503,256.2185188,2.36309253,0,0,16.37924091,21.5984327,1021
918.8,9.93,52,3.8699062,61.2,4.5633576,0,0,40.26,48.91,1022
915.2,15.54,168,1.9908766,186.2,2.460634,0,0,35.92,46.69,1023
919.5175966,24.2383049,120.8440438,2.124286376,121.618577,2.794903847,0,0,14.1332888,12.03609627,1024
919.4,14.67,40.4,6.6884506,61.6,8.4108944,0,0,15.02,11.8,1025
916.54,26.88,99.3,1.0961006,96.8,1.4763804,0,0,13.22,17.51,1026
916.16,8.96,183.1,12.8176662,193.5,14.987498,5.272,10725,91.49,76.72,1027
912,13.41,137.3,3.0869772,166.4,3.8475368,0,0,75.52,51.14,1028
925.31,14.11,184.9,2.9751302,205.6,3.8475368,0,0,19.28,43.96,1029
919.759618,20.98529119,120.2012089,3.399158603,161.9183084,5.086765572,0,0,19.64885314,16.18714319,1030
922.6691951,,47.94628401,7.969685803,65.77006635,10.26233703,0,0,18.92080492,19.64184076,1031
919.84,18.71,64.9,9.4846256,74.8,10.8715284,0,0,18.11,13.91,1032
919.3375546,29.60666816,96.81077943,3.096761951,52.16106896,3.948782008,0,0,15.33848558,21.07682408,1033
917.38,23.12,171.1,5.7936746,179.5,7.0239916,0,0,38.23,39.96,1034
919.67,25.32,171.8,6.5542342,191,8.164831,0,,56.86,50.65,1035
918.7194145,16.43453069,257.1762621,1.803944447,259.3942996,2.352676062,0,0,17.56666629,21.40006281,1036
923.7346151,15.04963897,53.32885125,18.65398595,70.69591319,23.26840357,0,11.02488089,12.95577025,13.40171202,1037
920.4856087,23.44224301,57.17664601,5.557863297,73.5074845,6.713967046,0,0,14.95654426,17.81402175,1038
917.7857392,20.58706823,48.28813083,12.22183056,63.70593459,15.3325047,0,6.029672931,11.98446352,13.31746004,1039
923.1404696,14.57473297,47.66597606,10.35193421,65.70501845,13.10922539,0,0,17.21616254,16.18121087,1040
917.6,23.4,179.1,2.1474624,190.7,3.467257,0,0,11.69,46.18,1041
913.41,17.49,48.4,4.2278166,28.9,4.7870516,0,0,49.2,54.82,1042
917.09,12.93,198.3,6.0173686,207.4,6.9568834,0,0,78.2,66.26,1043
923.1077681,15.88979989,51.20851721,17.1888352,64.24735768,22.19571292,0,19.34838372,9.175633688,14.38376089,1044
915.93,20.11,186.7,2.0803542,171.9,2.6172198,0,0,48.84,55.52,1045
918.08,23.17,169,2.8856526,192,3.8251674,0,0,31.5,46.08,1046
917,10.72,151.7,3.0646078,183.2,4.8541598,0,0,23.29,57.4,1047
914.6,16.87,200.4,1.5882274,235,2.1027236,0,0,86.6,58.25,1048
918,21.84,156.9,2.9527608,183.9,4.1607084,0,0,35.17,40.99,1049
917.59,28.15,170.9,3.6014734,183.4,4.7199434,0,0,13.88,22.87,1050
923.621726,22.01858693,197.484268,3.901578573,211.233139,5.184552467,0,0,13.73146399,15.85190084,1051
921.5698459,16.55071074,62.20611357,8.47833606,78.79493049,10.78090554,0,0,18.23157557,17.42026353,1052
916.2184012,26.39883891,96.74419453,2.200951781,136.2756535,3.234710426,0,0,13.37053798,10.74938905,1053
920.50894,27.21606791,58.9035771,9.482313417,78.48237778,11.82181614,0,0,19.17191747,13.57499205,1054
920.0807771,16.09247445,163.7130879,2.751329472,190.116837,3.645007589,0,0,20.4813089,19.9765781,1055
918.6,22.68,186.2,6.3081708,191.8,7.0016222,0,0,22.5,51.1,1056
915.91,17.77,17.4,3.8251674,37.8,5.0107456,0,0,40.97,53.33,1057
917.01,23.8,254.9,0.8276678,221,1.2974252,0,0,30.45,47.77,1058
920.74,15.05,180,8.9924988,194,10.7596814,0.08,520,35.26,52.38,1059
912.9,25.74,167,7.82929,177.1,9.8872748,0,0,28.86,59.28,1060
920.9004345,17.86000126,127.7508477,2.635249037,49.35250534,3.310595353,0,0,16.54056386,19.92962954,1061
914.56,24.57,173.3,6.6437118,185.4,8.052984,0,0,25.84,33.88,1062
917.3001851,18.77222272,,1.879553141,222.4982256,2.692862361,0,0,14.97266789,20.96626745,1063
913.85,26.52,191.7,3.1093466,207.8,3.9817532,0,0,21.48,33.19,1064
915.6,20.88,185.5,4.6304658,198.2,5.480503,0,0,28.97,39.37,1065
919.5648688,23.18151751,68.70469436,3.551777042,102.5716162,4.861314907,,0,11.65731434,17.33182335,1066
917.69,18.33,178.3,2.9751302,193.9,3.7356898,0,0,54.88,52.07,1067
920.33,20.48,122.4,2.0356154,182,3.0869772,0,0,52.38,62.62,1068
918.26,27.9,186.6,1.0961006,221.5,1.7224438,0,0,32.46,56.93,1069
911.6,7.97,110.2,2.3040482,96.1,3.1540854,0,0,90.51,62.49,1070
919.2,21.25,156.7,2.013246,172.3,2.6172198,0,0,42.06,41.85,1071
923.1,24.22,178.3,1.4092722,205.2,1.8566602,0,0,11.88,19.81,1072
917.92,29.25,30,4.8317904,40.1,5.8384134,0,0,16.22,27.45,1073
913.87,19.41,171.9,6.5094954,182.3,7.4713796,0,0,57.43,53.38,1074
922.8581101,18.32742266,63.48304689,10.26118718,73.17050393,11.94920569,0,0,14.52510864,15.51115701,1075
925.55,10.51,32.6,5.4133948,57.5,8.1200922,0,10,29.09,23.72,1076
920.13,22.94,193.6,4.1159696,211.3,4.9660068,0,0,33.52,38.12,1077
924.0178563,20.20572606,56.30408293,15.16279989,76.5851168,19.80357757,0,0,11.59923953,9.373012854,1078
917.2,18.48,137.6,1.7671826,176.7,2.5501116,0,0,58.37,65.59,1079
916.26,26.54,185.7,3.5119958,201.5,4.1607084,0,0,27.68,20.4,1080
920.8569129,21.04685448,47.33596583,12.23866984,66.72916229,16.06785991,0,0,11.9568515,12.69623258,1081
916.13,10.06,211.4,2.5501116,231.8,3.5343652,0,0,89.8,53.86,1082
916.32,9.06,46.9,4.8541598,61.7,5.8607828,0,0,91.03,62.4,1083
917.13,26.8,183.3,1.6329662,38.5,2.2593094,0,0,28.26,34.69,1084
914.84,8.53,190.9,3.7133204,204.4,4.6528352,0,0,92.3,88.16,1085
921.26,11.47,261.9,2.0356154,260.5,3.0422384,0,0,91.11,81.89,1086
914,19.25,173.8,8.3661556,181,9.4398868,0,0,30.92,47.34,1087
912.9,22.15,129.2,1.4316416,160,2.0579848,0,0,51.84,55.49,1088
915,12.8,191.8,5.368656,220.9,7.0687304,0,0,73.55,69.67,1089
918.9,17.28,192.9,3.8699062,207.3,5.2120702,0,0,26.02,38.18,1090
918.71,9.76,241.6,1.8119214,227.4,2.3711564,0,0,90.35,73.34,1091
916.6,21.72,189.3,3.0646078,200.8,3.8922756,0,0,45.59,52.31,1092
912.6,14.67,172.7,3.8251674,189.1,4.7646822,0,0,64.84,58.28,1093
921.53,25.39,97.1,3.2659324,125.9,4.4515106,0,0,14.56,15.1,1094
